Acura,CL,https://www.auto-data.net/en/acura-cl-ii-generation-7196
Acura,CL,https://www.auto-data.net/en/acura-cl-generation-304
Acura,CSX,https://www.auto-data.net/en/acura-csx-facelift-2009-generation-7197
Acura,CSX,https://www.auto-data.net/en/acura-csx-generation-313
Acura,EL,https://www.auto-data.net/en/acura-el-generation-321
Acura,ILX,https://www.auto-data.net/en/acura-ilx-facelift-2019-generation-6588
Acura,ILX,https://www.auto-data.net/en/acura-ilx-facelift-2016-generation-5908
Acura,ILX,https://www.auto-data.net/en/acura-ilx-generation-4032
Acura,Integra,https://www.auto-data.net/en/acura-integra-v-generation-8792
Acura,Integra,https://www.auto-data.net/en/acura-integra-iii-sedan-generation-5642
Acura,Integra,https://www.auto-data.net/en/acura-integra-iii-coupe-generation-5641
Acura,Integra,https://www.auto-data.net/en/acura-integra-ii-sedan-generation-5638
Acura,Integra,https://www.auto-data.net/en/acura-integra-ii-hatchback-generation-5635
Acura,Integra,https://www.auto-data.net/en/acura-integra-i-generation-5633
Acura,MDX,https://www.auto-data.net/en/acura-mdx-iv-facelift-2024-generation-10091
Acura,MDX,https://www.auto-data.net/en/acura-mdx-iv-generation-8021
Acura,MDX,https://www.auto-data.net/en/acura-mdx-iii-facelift-2017-generation-5995
Acura,MDX,https://www.auto-data.net/en/acura-mdx-iii-generation-5997
Acura,MDX,https://www.auto-data.net/en/acura-mdx-ii-generation-314
Acura,MDX,https://www.auto-data.net/en/acura-mdx-generation-315
Acura,NSX,https://www.auto-data.net/en/acura-nsx-ii-generation-5712
Acura,NSX,https://www.auto-data.net/en/acura-nsx-i-facelift-2002-generation-7198
Acura,NSX,https://www.auto-data.net/en/acura-nsx-t-generation-323
Acura,NSX,https://www.auto-data.net/en/acura-nsx-i-generation-322
Acura,RDX,https://www.auto-data.net/en/acura-rdx-iii-facelift-2021-generation-8591
Acura,RDX,https://www.auto-data.net/en/acura-rdx-iii-generation-6188
Acura,RDX,https://www.auto-data.net/en/acura-rdx-ii-facelift-2016-generation-5910
Acura,RDX,https://www.auto-data.net/en/acura-rdx-ii-generation-4034
Acura,RDX,https://www.auto-data.net/en/acura-rdx-i-facelift-2009-generation-5918
Acura,RDX,https://www.auto-data.net/en/acura-rdx-i-generation-305
Acura,RL,https://www.auto-data.net/en/acura-rl-ii-generation-316
Acura,RL,https://www.auto-data.net/en/acura-rl-ka964-generation-317
Acura,RLX,https://www.auto-data.net/en/acura-rlx-facelift-2017-generation-5993
Acura,RLX,https://www.auto-data.net/en/acura-rlx-generation-4025
Acura,RSX,https://www.auto-data.net/en/acura-rsx-generation-306
Acura,SLX,https://www.auto-data.net/en/acura-slx-generation-318
Acura,TL,https://www.auto-data.net/en/acura-tl-iv-facelift-2012-generation-4026
Acura,TL,https://www.auto-data.net/en/acura-tl-iv-ua8-9-generation-309
Acura,TL,https://www.auto-data.net/en/acura-tl-iii-ua6-7-generation-310
Acura,TL,https://www.auto-data.net/en/acura-tl-ii-ua5-generation-311
Acura,TL,https://www.auto-data.net/en/acura-tl-i-ua2-generation-312
Acura,TLX,https://www.auto-data.net/en/acura-tlx-ii-facelift-2023-generation-9734
Acura,TLX,https://www.auto-data.net/en/acura-tlx-ii-generation-8017
Acura,TLX,https://www.auto-data.net/en/acura-tlx-i-facelift-2017-generation-5553
Acura,TLX,https://www.auto-data.net/en/acura-tlx-i-generation-5552
Acura,TSX,https://www.auto-data.net/en/acura-tsx-facelift-generation-4031
Acura,TSX,https://www.auto-data.net/en/acura-tsx-sport-wagon-generation-4030
Acura,TSX,https://www.auto-data.net/en/acura-tsx-ii-cu2-generation-319
Acura,TSX,https://www.auto-data.net/en/acura-tsx-i-cl9-generation-320
Acura,ZDX,https://www.auto-data.net/en/acura-zdx-ii-generation-9901
Acura,ZDX,https://www.auto-data.net/en/acura-zdx-i-generation-4033
Alfa Romeo,145,https://www.auto-data.net/en/alfa-romeo-145-930-facelift-1999-generation-5420
Alfa Romeo,145,https://www.auto-data.net/en/alfa-romeo-145-930-facelift-1997-generation-7921
Alfa Romeo,145,https://www.auto-data.net/en/alfa-romeo-145-930-generation-359
Alfa Romeo,146,https://www.auto-data.net/en/alfa-romeo-146-930-facelift-1999-generation-7923
Alfa Romeo,146,https://www.auto-data.net/en/alfa-romeo-146-930-facelift-1997-generation-7922
Alfa Romeo,146,https://www.auto-data.net/en/alfa-romeo-146-930-generation-364
Alfa Romeo,147,https://www.auto-data.net/en/alfa-romeo-147-facelift-2004-5-doors-generation-5035
Alfa Romeo,147,https://www.auto-data.net/en/alfa-romeo-147-facelift-2004-3-doors-generation-5036
Alfa Romeo,147,https://www.auto-data.net/en/alfa-romeo-147-gta-generation-371
Alfa Romeo,147,https://www.auto-data.net/en/alfa-romeo-147-5-doors-generation-370
Alfa Romeo,147,https://www.auto-data.net/en/alfa-romeo-147-3-doors-generation-369
Alfa Romeo,155,https://www.auto-data.net/en/alfa-romeo-155-167-generation-379
Alfa Romeo,156,https://www.auto-data.net/en/alfa-romeo-156-crosswagon-932-facelift-2003-generation-391
Alfa Romeo,156,https://www.auto-data.net/en/alfa-romeo-156-932-facelift-2003-generation-392
Alfa Romeo,156,https://www.auto-data.net/en/alfa-romeo-156-sport-wagon-932-facelift-2003-generation-393
Alfa Romeo,156,https://www.auto-data.net/en/alfa-romeo-156-gta-sport-wagon-932-generation-396
Alfa Romeo,156,https://www.auto-data.net/en/alfa-romeo-156-gta-932-generation-395
Alfa Romeo,156,https://www.auto-data.net/en/alfa-romeo-156-sport-wagon-932-generation-397
Alfa Romeo,156,https://www.auto-data.net/en/alfa-romeo-156-932-generation-394
Alfa Romeo,159,https://www.auto-data.net/en/alfa-romeo-159-sportwagon-generation-403
Alfa Romeo,159,https://www.auto-data.net/en/alfa-romeo-159-generation-404
Alfa Romeo,164,https://www.auto-data.net/en/alfa-romeo-164-164-generation-360
Alfa Romeo,166,https://www.auto-data.net/en/alfa-romeo-166-936-facelift-2003-generation-7199
Alfa Romeo,166,https://www.auto-data.net/en/alfa-romeo-166-936-generation-365
Alfa Romeo,1750-2000,https://www.auto-data.net/en/alfa-romeo-1750-2000-generation-372
Alfa Romeo,33,https://www.auto-data.net/en/alfa-romeo-33-sport-wagon-907b-generation-381
Alfa Romeo,33,https://www.auto-data.net/en/alfa-romeo-33-907a-generation-380
Alfa Romeo,33,https://www.auto-data.net/en/alfa-romeo-33-sport-wagon-905a-generation-383
Alfa Romeo,33,https://www.auto-data.net/en/alfa-romeo-33-905-generation-382
Alfa Romeo,33,https://www.auto-data.net/en/alfa-romeo-33-stradale-generation-9243
Alfa Romeo,33 Stradale,https://www.auto-data.net/en/alfa-romeo-33-stradale-2023-generation-9623
Alfa Romeo,4C,https://www.auto-data.net/en/alfa-romeo-4c-facelift-2017-generation-5805
Alfa Romeo,4C,https://www.auto-data.net/en/alfa-romeo-4c-spider-generation-4572
Alfa Romeo,4C,https://www.auto-data.net/en/alfa-romeo-4c-generation-4117
Alfa Romeo,6,https://www.auto-data.net/en/alfa-romeo-6-119-generation-398
Alfa Romeo,75,https://www.auto-data.net/en/alfa-romeo-75-162-b-facelift-1988-generation-405
Alfa Romeo,75,https://www.auto-data.net/en/alfa-romeo-75-162-b-generation-5419
Alfa Romeo,8C Competizione,https://www.auto-data.net/en/alfa-romeo-8c-spider-generation-7920
Alfa Romeo,8C Competizione,https://www.auto-data.net/en/alfa-romeo-8c-competizione-generation-361
Alfa Romeo,90,https://www.auto-data.net/en/alfa-romeo-90-162-generation-366
Alfa Romeo,Alfasud,https://www.auto-data.net/en/alfa-romeo-alfasud-giardinetta-904-generation-375
Alfa Romeo,Alfasud,https://www.auto-data.net/en/alfa-romeo-alfasud-sprint-902.a-generation-373
Alfa Romeo,Alfasud,https://www.auto-data.net/en/alfa-romeo-alfasud-901-generation-374
Alfa Romeo,Alfetta,https://www.auto-data.net/en/alfa-romeo-alfetta-116-generation-384
Alfa Romeo,Alfetta,https://www.auto-data.net/en/alfa-romeo-alfetta-gt-116-generation-385
Alfa Romeo,Arna,https://www.auto-data.net/en/alfa-romeo-arna-920-generation-399
Alfa Romeo,Brera,https://www.auto-data.net/en/alfa-romeo-brera-generation-406
Alfa Romeo,Giulia,https://www.auto-data.net/en/alfa-romeo-giulia-952-facelift-2022-generation-9071
Alfa Romeo,Giulia,https://www.auto-data.net/en/alfa-romeo-giulia-952-generation-4844
Alfa Romeo,Giulia,https://www.auto-data.net/en/alfa-romeo-giulia-generation-362
Alfa Romeo,Giulia,https://www.auto-data.net/en/alfa-romeo-giulia-erreerre-fuoriserie-generation-9920
Alfa Romeo,Giulietta,https://www.auto-data.net/en/alfa-romeo-giulietta-type-940-facelift-2016-generation-4711
Alfa Romeo,Giulietta,https://www.auto-data.net/en/alfa-romeo-giulietta-type-940-generation-3769
Alfa Romeo,Giulietta,https://www.auto-data.net/en/alfa-romeo-giulietta-116-generation-367
Alfa Romeo,GT,https://www.auto-data.net/en/alfa-romeo-gt-coupe-937-generation-376
Alfa Romeo,GT,https://www.auto-data.net/en/alfa-romeo-gt-generation-377
Alfa Romeo,GTA Coupe,https://www.auto-data.net/en/alfa-romeo-gta-coupe-generation-386
Alfa Romeo,GTV,https://www.auto-data.net/en/alfa-romeo-gtv-916-facelift-2003-generation-7972
Alfa Romeo,GTV,https://www.auto-data.net/en/alfa-romeo-gtv-916-generation-400
Alfa Romeo,GTV,https://www.auto-data.net/en/alfa-romeo-gtv-116-generation-401
Alfa Romeo,Junior,https://www.auto-data.net/en/alfa-romeo-junior-generation-9988
Alfa Romeo,MiTo,https://www.auto-data.net/en/alfa-romeo-mito-facelift-2016-generation-6064
Alfa Romeo,MiTo,https://www.auto-data.net/en/alfa-romeo-mito-facelift-2013-generation-4997
Alfa Romeo,MiTo,https://www.auto-data.net/en/alfa-romeo-mito-generation-363
Alfa Romeo,Montreal,https://www.auto-data.net/en/alfa-romeo-montreal-generation-368
Alfa Romeo,RZ,https://www.auto-data.net/en/alfa-romeo-rz-generation-378
Alfa Romeo,Spider,https://www.auto-data.net/en/alfa-romeo-spider-939-generation-387
Alfa Romeo,Spider,https://www.auto-data.net/en/alfa-romeo-spider-916-facelift-2003-generation-7971
Alfa Romeo,Spider,https://www.auto-data.net/en/alfa-romeo-spider-916-generation-388
Alfa Romeo,Spider,https://www.auto-data.net/en/alfa-romeo-spider-115-generation-389
Alfa Romeo,Spider,https://www.auto-data.net/en/alfa-romeo-spider-105-generation-390
Alfa Romeo,Stelvio,https://www.auto-data.net/en/alfa-romeo-stelvio-949-facelift-2022-generation-9072
Alfa Romeo,Stelvio,https://www.auto-data.net/en/alfa-romeo-stelvio-949-generation-5412
Alfa Romeo,SZ,https://www.auto-data.net/en/alfa-romeo-sz-generation-402
Alfa Romeo,Tonale,https://www.auto-data.net/en/alfa-romeo-tonale-generation-8763
Alfa Romeo,Tonale,https://www.auto-data.net/en/alfa-romeo-tonale-concept-generation-6983
Alpina,B10,https://www.auto-data.net/en/alpina-b10-touring-e39-generation-432
Alpina,B10,https://www.auto-data.net/en/alpina-b10-e39-generation-431
Alpina,B10,https://www.auto-data.net/en/alpina-b10-touring-e34-generation-434
Alpina,B10,https://www.auto-data.net/en/alpina-b10-e34-generation-433
Alpina,B11,https://www.auto-data.net/en/alpina-b11-e32-generation-444
Alpina,B12,https://www.auto-data.net/en/alpina-b12-e38-generation-455
Alpina,B12,https://www.auto-data.net/en/alpina-b12-coupe-e31-generation-456
Alpina,B12,https://www.auto-data.net/en/alpina-b12-e32-generation-457
Alpina,B3,https://www.auto-data.net/en/alpina-b3-sedan-g20-facelift-2023-generation-8883
Alpina,B3,https://www.auto-data.net/en/alpina-b3-touring-g21-facelift-2023-generation-8884
Alpina,B3,https://www.auto-data.net/en/alpina-b3-sedan-g20-generation-7364
Alpina,B3,https://www.auto-data.net/en/alpina-b3-touring-g21-generation-7283
Alpina,B3,https://www.auto-data.net/en/alpina-b3-f30-lci-facelift-2015-generation-4884
Alpina,B3,https://www.auto-data.net/en/alpina-b3-touring-f31-lci-facelift-2015-generation-4885
Alpina,B3,https://www.auto-data.net/en/alpina-b3-f30-generation-4037
Alpina,B3,https://www.auto-data.net/en/alpina-b3-touring-f31-generation-4036
Alpina,B3,https://www.auto-data.net/en/alpina-b3-e90-generation-467
Alpina,B3,https://www.auto-data.net/en/alpina-b3-cabrio-e93-generation-468
Alpina,B3,https://www.auto-data.net/en/alpina-b3-coupe-e92-generation-469
Alpina,B3,https://www.auto-data.net/en/alpina-b3-e46-generation-470
Alpina,B3,https://www.auto-data.net/en/alpina-b3-cabrio-e46-generation-471
Alpina,B3,https://www.auto-data.net/en/alpina-b3-coupe-e46-generation-472
Alpina,B3,https://www.auto-data.net/en/alpina-b3-touring-e46-generation-473
Alpina,B3,https://www.auto-data.net/en/alpina-b3-e36-generation-474
Alpina,B3,https://www.auto-data.net/en/alpina-b3-coupe-e36-generation-475
Alpina,B3,https://www.auto-data.net/en/alpina-b3-touring-e36-generation-476
Alpina,B3,https://www.auto-data.net/en/alpina-b3-cabrio-e36-generation-477
Alpina,B3,https://www.auto-data.net/en/alpina-b3-e30-generation-478
Alpina,B3,https://www.auto-data.net/en/alpina-b3-cabrio-e30-generation-479
Alpina,B3,https://www.auto-data.net/en/alpina-b3-touring-e30-generation-480
Alpina,B4,https://www.auto-data.net/en/alpina-b4-gran-coupe-g26-generation-8811
Alpina,B4,https://www.auto-data.net/en/alpina-b4-cabrio-facelift-2017-generation-5521
Alpina,B4,https://www.auto-data.net/en/alpina-b4-coupe-facelift-2017-generation-5519
Alpina,B4,https://www.auto-data.net/en/alpina-b4-cabrio-generation-4877
Alpina,B4,https://www.auto-data.net/en/alpina-b4-coupe-generation-4876
Alpina,B5,https://www.auto-data.net/en/alpina-b5-sedan-g30-facelift-2020-generation-8272
Alpina,B5,https://www.auto-data.net/en/alpina-b5-touring-g31-facelift-2020-generation-8271
Alpina,B5,https://www.auto-data.net/en/alpina-b5-sedan-g30-generation-5400
Alpina,B5,https://www.auto-data.net/en/alpina-b5-touring-g31-generation-5401
Alpina,B5,https://www.auto-data.net/en/alpina-b5-sedan-f10-lci-facelift-2013-generation-4879
Alpina,B5,https://www.auto-data.net/en/alpina-b5-touring-f11-lci-facelift-2013-generation-4878
Alpina,B5,https://www.auto-data.net/en/alpina-b5-sedan-f10-generation-4041
Alpina,B5,https://www.auto-data.net/en/alpina-b5-touring-f11-generation-4040
Alpina,B5,https://www.auto-data.net/en/alpina-b5-e60-generation-435
Alpina,B5,https://www.auto-data.net/en/alpina-b5-touring-e61-generation-436
Alpina,B6,https://www.auto-data.net/en/alpina-b6-gran-coupe-f06-lci-facelift-2015-generation-4882
Alpina,B6,https://www.auto-data.net/en/alpina-b6-cabrio-f12-lci-facelift-2015-generation-4881
Alpina,B6,https://www.auto-data.net/en/alpina-b6-coupe-f13-lci-facelift-2015-generation-4880
Alpina,B6,https://www.auto-data.net/en/alpina-b6-cabrio-f12-generation-4043
Alpina,B6,https://www.auto-data.net/en/alpina-b6-coupe-f13-generation-4042
Alpina,B6,https://www.auto-data.net/en/alpina-b6-coupe-e63-generation-445
Alpina,B6,https://www.auto-data.net/en/alpina-b6-cabrio-e64-generation-446
Alpina,B6,https://www.auto-data.net/en/alpina-b6-e36-generation-447
Alpina,B6,https://www.auto-data.net/en/alpina-b6-e30-generation-448
Alpina,B6,https://www.auto-data.net/en/alpina-b6-e21-generation-449
Alpina,B7,https://www.auto-data.net/en/alpina-b7-g12-facelift-2019-generation-6971
Alpina,B7,https://www.auto-data.net/en/alpina-b7-g12-generation-4883
Alpina,B7,https://www.auto-data.net/en/alpina-b7-f02-generation-4045
Alpina,B7,https://www.auto-data.net/en/alpina-b7-f01-generation-4044
Alpina,B7,https://www.auto-data.net/en/alpina-b7-e65-e66l-generation-458
Alpina,B7,https://www.auto-data.net/en/alpina-b7-e28-generation-459
Alpina,B7,https://www.auto-data.net/en/alpina-b7-coupe-e24-generation-460
Alpina,B7,https://www.auto-data.net/en/alpina-b7-e12-generation-461
Alpina,B8,https://www.auto-data.net/en/alpina-b8-gran-coupe-2021-generation-8226
Alpina,B8,https://www.auto-data.net/en/alpina-b8-e36-generation-437
Alpina,B8,https://www.auto-data.net/en/alpina-b8-cabrio-e36-generation-438
Alpina,B8,https://www.auto-data.net/en/alpina-b8-coupe-e36-generation-439
Alpina,B8,https://www.auto-data.net/en/alpina-b8-touring-e36-generation-440
Alpina,B9,https://www.auto-data.net/en/alpina-b9-coupe-e24-generation-450
Alpina,B9,https://www.auto-data.net/en/alpina-b9-e28-generation-451
Alpina,C1,https://www.auto-data.net/en/alpina-c1-e30-generation-462
Alpina,C1,https://www.auto-data.net/en/alpina-c1-e21-generation-463
Alpina,C2,https://www.auto-data.net/en/alpina-c2-e30-generation-441
Alpina,C2,https://www.auto-data.net/en/alpina-c2-cabrio-e30-generation-442
Alpina,D10,https://www.auto-data.net/en/alpina-d10-e39-generation-452
Alpina,D10,https://www.auto-data.net/en/alpina-d10-touring-e39-generation-453
Alpina,D3,https://www.auto-data.net/en/alpina-d3-sedan-g20-facelift-2023-generation-8885
Alpina,D3,https://www.auto-data.net/en/alpina-d3-touring-g21-facelift-2023-generation-8886
Alpina,D3,https://www.auto-data.net/en/alpina-d3-sedan-g20-generation-8258
Alpina,D3,https://www.auto-data.net/en/alpina-d3-touring-g21-generation-8257
Alpina,D3,https://www.auto-data.net/en/alpina-d3-f30-lci-facelift-2015-generation-4872
Alpina,D3,https://www.auto-data.net/en/alpina-d3-touring-f31-lci-facelift-2015-generation-4873
Alpina,D3,https://www.auto-data.net/en/alpina-d3-f30-generation-7193
Alpina,D3,https://www.auto-data.net/en/alpina-d3-touring-f31-generation-7194
Alpina,D3,https://www.auto-data.net/en/alpina-d3-coupe-e92-generation-8957
Alpina,D3,https://www.auto-data.net/en/alpina-d3-touring-e91-generation-465
Alpina,D3,https://www.auto-data.net/en/alpina-d3-e90-generation-464
Alpina,D4,https://www.auto-data.net/en/alpina-d4-gran-coupe-g26-generation-8928
Alpina,D4,https://www.auto-data.net/en/alpina-d4-coupe-f32-facelift-2017-generation-7189
Alpina,D4,https://www.auto-data.net/en/alpina-d4-cabrio-f33-facelift-2017-generation-7190
Alpina,D4,https://www.auto-data.net/en/alpina-d4-coupe-f32-generation-4874
Alpina,D4,https://www.auto-data.net/en/alpina-d4-cabrio-f33-generation-4875
Alpina,D5,https://www.auto-data.net/en/alpina-d5-sedan-g30-facelift-2020-generation-8249
Alpina,D5,https://www.auto-data.net/en/alpina-d5-touring-g31-facelift-2020-generation-8248
Alpina,D5,https://www.auto-data.net/en/alpina-d5-sedan-g30-generation-5961
Alpina,D5,https://www.auto-data.net/en/alpina-d5-touring-g31-generation-5962
Alpina,D5,https://www.auto-data.net/en/alpina-d5-sedan-f10-lci-facelift-2013-generation-4887
Alpina,D5,https://www.auto-data.net/en/alpina-d5-touring-f11-lci-facelift-2013-generation-4886
Alpina,D5,https://www.auto-data.net/en/alpina-d5-sedan-f10-generation-4038
Alpina,D5,https://www.auto-data.net/en/alpina-d5-touring-f11-generation-4039
Alpina,RLE Roadster,https://www.auto-data.net/en/alpina-rle-roadster-z1-generation-443
Alpina,Roadster S,https://www.auto-data.net/en/alpina-roadster-s-generation-454
Alpina,Roadster V8,https://www.auto-data.net/en/alpina-roadster-v8-generation-466
Alpina,XB7,https://www.auto-data.net/en/alpina-xb7-facelift-2022-generation-8830
Alpina,XB7,https://www.auto-data.net/en/alpina-xb7-generation-8245
Alpina,XD3,https://www.auto-data.net/en/alpina-xd3-g01-generation-6138
Alpina,XD3,https://www.auto-data.net/en/alpina-xd3-f25-lci-facelift-2014-generation-4888
Alpina,XD3,https://www.auto-data.net/en/alpina-xd3-f25-generation-4035
Alpina,XD4,https://www.auto-data.net/en/alpina-xd4-generation-6427
Aston Martin,AMV8,https://www.auto-data.net/en/aston-martin-amv8-volante-generation-4933
Aston Martin,AMV8,https://www.auto-data.net/en/aston-martin-amv8-generation-4929
Aston Martin,Bulldog,https://www.auto-data.net/en/aston-martin-bulldog-generation-717
Aston Martin,Cygnet,https://www.auto-data.net/en/aston-martin-cygnet-v8-generation-6407
Aston Martin,Cygnet,https://www.auto-data.net/en/aston-martin-cygnet-generation-4904
Aston Martin,DB11,https://www.auto-data.net/en/aston-martin-db11-volante-generation-6058
Aston Martin,DB11,https://www.auto-data.net/en/aston-martin-db11-generation-4901
Aston Martin,DB12,https://www.auto-data.net/en/aston-martin-db12-volante-generation-9593
Aston Martin,DB12,https://www.auto-data.net/en/aston-martin-db12-generation-9503
Aston Martin,DB4,https://www.auto-data.net/en/aston-martin-db4-convertible-generation-4925
Aston Martin,DB4,https://www.auto-data.net/en/aston-martin-db4-series-3-generation-8933
Aston Martin,DB4,https://www.auto-data.net/en/aston-martin-db4-gt-zagato-generation-4921
Aston Martin,DB4,https://www.auto-data.net/en/aston-martin-db4-gt-generation-4926
Aston Martin,DB4,https://www.auto-data.net/en/aston-martin-db4-generation-4920
Aston Martin,DB5,https://www.auto-data.net/en/aston-martin-db5-generation-4922
Aston Martin,DB6,https://www.auto-data.net/en/aston-martin-db6-mark-ii-generation-4924
Aston Martin,DB6,https://www.auto-data.net/en/aston-martin-db6-volante-generation-4927
Aston Martin,DB6,https://www.auto-data.net/en/aston-martin-db6-generation-4923
Aston Martin,DB7,https://www.auto-data.net/en/aston-martin-db7-ar1-generation-4954
Aston Martin,DB7,https://www.auto-data.net/en/aston-martin-db7-zagato-generation-727
Aston Martin,DB7,https://www.auto-data.net/en/aston-martin-db7-gt-generation-726
Aston Martin,DB7,https://www.auto-data.net/en/aston-martin-db7-vantage-generation-728
Aston Martin,DB7,https://www.auto-data.net/en/aston-martin-db7-volante-generation-729
Aston Martin,DB7,https://www.auto-data.net/en/aston-martin-db7-generation-4917
Aston Martin,DB9,https://www.auto-data.net/en/aston-martin-db9-gt-volante-generation-4953
Aston Martin,DB9,https://www.auto-data.net/en/aston-martin-db9-gt-coupe-generation-4952
Aston Martin,DB9,https://www.auto-data.net/en/aston-martin-db9-volante-facelift-2012-generation-4903
Aston Martin,DB9,https://www.auto-data.net/en/aston-martin-db9-coupe-facelift-2012-generation-4900
Aston Martin,DB9,https://www.auto-data.net/en/aston-martin-db9-coupe-generation-739
Aston Martin,DB9,https://www.auto-data.net/en/aston-martin-db9-volante-generation-740
Aston Martin,DBS,https://www.auto-data.net/en/aston-martin-dbs-superleggera-volante-generation-7080
Aston Martin,DBS,https://www.auto-data.net/en/aston-martin-dbs-superleggera-generation-6367
Aston Martin,DBS,https://www.auto-data.net/en/aston-martin-dbs-v12-volante-generation-4934
Aston Martin,DBS,https://www.auto-data.net/en/aston-martin-dbs-v12-generation-718
Aston Martin,DBS,https://www.auto-data.net/en/aston-martin-dbs-v8-generation-4919
Aston Martin,DBS,https://www.auto-data.net/en/aston-martin-dbs-generation-4918
Aston Martin,DBX,https://www.auto-data.net/en/aston-martin-dbx-generation-7426
Aston Martin,Lagonda,https://www.auto-data.net/en/aston-martin-lagonda-all-terrain-concept-generation-6997
Aston Martin,Lagonda,https://www.auto-data.net/en/aston-martin-lagonda-vision-concept-generation-6445
Aston Martin,Lagonda,https://www.auto-data.net/en/aston-martin-lagonda-i-shooting-brake-generation-731
Aston Martin,Lagonda,https://www.auto-data.net/en/aston-martin-lagonda-ii-generation-730
Aston Martin,One-77,https://www.auto-data.net/en/aston-martin-one-77-generation-4910
Aston Martin,Rapide,https://www.auto-data.net/en/aston-martin-rapide-e-generation-7103
Aston Martin,Rapide,https://www.auto-data.net/en/aston-martin-rapide-amr-generation-6328
Aston Martin,Rapide,https://www.auto-data.net/en/aston-martin-rapide-s-generation-4935
Aston Martin,Rapide,https://www.auto-data.net/en/aston-martin-rapide-generation-741
Aston Martin,Tickford Capri,https://www.auto-data.net/en/aston-martin-tickford-capri-generation-719
Aston Martin,V12 Vantage,https://www.auto-data.net/en/aston-martin-v12-vantage-roadster-generation-9006
Aston Martin,V12 Vantage,https://www.auto-data.net/en/aston-martin-v12-vantage-generation-8813
Aston Martin,V12 Vantage,https://www.auto-data.net/en/aston-martin-v12-vantage-roadster-generation-4912
Aston Martin,V12 Vantage,https://www.auto-data.net/en/aston-martin-v12-vantage-generation-720
Aston Martin,V8 Vantage,https://www.auto-data.net/en/aston-martin-v8-vantage-2018-facelift-2024-generation-9889
Aston Martin,V8 Vantage,https://www.auto-data.net/en/aston-martin-v8-vantage-roadster-2018-generation-7554
Aston Martin,V8 Vantage,https://www.auto-data.net/en/aston-martin-v8-vantage-2018-generation-5998
Aston Martin,V8 Vantage,https://www.auto-data.net/en/aston-martin-v8-vantage-roadster-facelift-2008-generation-4915
Aston Martin,V8 Vantage,https://www.auto-data.net/en/aston-martin-v8-vantage-facelift-2008-generation-4914
Aston Martin,V8 Vantage,https://www.auto-data.net/en/aston-martin-v8-vantage-2005-generation-732
Aston Martin,V8 Vantage,https://www.auto-data.net/en/aston-martin-v8-vantage-roadster-2005-generation-733
Aston Martin,V8 Vantage,https://www.auto-data.net/en/aston-martin-v8-vantage-ii-generation-734
Aston Martin,V8 Vantage,https://www.auto-data.net/en/aston-martin-v8-volante-generation-735
Aston Martin,V8 Vantage,https://www.auto-data.net/en/aston-martin-v8-vantage-generation-736
Aston Martin,Valhalla,https://www.auto-data.net/en/aston-martin-valhalla-generation-8496
Aston Martin,Valiant,https://www.auto-data.net/en/aston-martin-valiant-generation-10077
Aston Martin,Valkyrie,https://www.auto-data.net/en/aston-martin-valkyrie-generation-6998
Aston Martin,Valkyrie,https://www.auto-data.net/en/aston-martin-valkyrie-am-rb-003-generation-6996
Aston Martin,Valkyrie,https://www.auto-data.net/en/aston-martin-valkyrie-amr-pro-generation-6927
Aston Martin,Valour,https://www.auto-data.net/en/aston-martin-valour-generation-10092
Aston Martin,Vanquish,https://www.auto-data.net/en/aston-martin-vanquish-iii-generation-10166
Aston Martin,Vanquish,https://www.auto-data.net/en/aston-martin-vanquish-vision-concept-generation-7016
Aston Martin,Vanquish,https://www.auto-data.net/en/aston-martin-vanquish-s-ii-volante-generation-6162
Aston Martin,Vanquish,https://www.auto-data.net/en/aston-martin-vanquish-s-ii-generation-5450
Aston Martin,Vanquish,https://www.auto-data.net/en/aston-martin-vanquish-ii-volante-generation-4898
Aston Martin,Vanquish,https://www.auto-data.net/en/aston-martin-vanquish-ii-generation-4897
Aston Martin,Vanquish,https://www.auto-data.net/en/aston-martin-v12-vanquish-s-generation-4955
Aston Martin,Vanquish,https://www.auto-data.net/en/aston-martin-v12-vanquish-generation-4916
Aston Martin,Virage,https://www.auto-data.net/en/aston-martin-virage-ii-volante-generation-8016
Aston Martin,Virage,https://www.auto-data.net/en/aston-martin-virage-ii-generation-8015
Aston Martin,Virage,https://www.auto-data.net/en/aston-martin-virage-limited-edition-generation-721
Aston Martin,Virage,https://www.auto-data.net/en/aston-martin-virage-saloon-generation-722
Aston Martin,Virage,https://www.auto-data.net/en/aston-martin-virage-shooting-brake-generation-723
Aston Martin,Virage,https://www.auto-data.net/en/aston-martin-virage-vantage-generation-724
Aston Martin,Virage,https://www.auto-data.net/en/aston-martin-virage-volante-generation-725
Aston Martin,Virage,https://www.auto-data.net/en/aston-martin-virage-generation-4937
Aston Martin,Zagato,https://www.auto-data.net/en/aston-martin-v12-zagato-generation-4909
Aston Martin,Zagato,https://www.auto-data.net/en/aston-martin-zagato-vantage-generation-737
Aston Martin,Zagato,https://www.auto-data.net/en/aston-martin-zagato-volante-generation-738
Audi,100,https://www.auto-data.net/en/audi-100-avant-4a-c4-generation-1058
Audi,100,https://www.auto-data.net/en/audi-100-4a-c4-generation-1059
Audi,100,https://www.auto-data.net/en/audi-100-avant-c3-typ-44-44q-facelift-1988-generation-5183
Audi,100,https://www.auto-data.net/en/audi-100-c3-typ-44-44q-facelift-1988-generation-5184
Audi,100,https://www.auto-data.net/en/audi-100-avant-c3-typ-44-44q-generation-1061
Audi,100,https://www.auto-data.net/en/audi-100-c3-typ-44-44q-generation-1060
Audi,100,https://www.auto-data.net/en/audi-100-avant-c2-typ-43-facelift-1979-generation-5181
Audi,100,https://www.auto-data.net/en/audi-100-c2-typ-43-facelift-1979-generation-5182
Audi,100,https://www.auto-data.net/en/audi-100-avant-c2-typ-43-generation-1063
Audi,100,https://www.auto-data.net/en/audi-100-c2-typ-43-generation-1062
Audi,100,https://www.auto-data.net/en/audi-100-c1-facelift-1973-generation-5180
Audi,100,https://www.auto-data.net/en/audi-100-coupe-s-generation-1065
Audi,100,https://www.auto-data.net/en/audi-100-c1-generation-1064
Audi,200,https://www.auto-data.net/en/audi-200-avant-c3-typ-44-44q-generation-1080
Audi,200,https://www.auto-data.net/en/audi-200-c3-typ-44-44q-generation-1079
Audi,200,https://www.auto-data.net/en/audi-200-c2-typ-43-generation-1081
Audi,50,https://www.auto-data.net/en/audi-50-typ-86-generation-1094
Audi,5000,https://www.auto-data.net/en/audi-5000-sedan-c2-generation-8568
Audi,80,https://www.auto-data.net/en/audi-80-avant-b4-typ-8c-generation-1109
Audi,80,https://www.auto-data.net/en/audi-80-b4-typ-8c-generation-1110
Audi,80,https://www.auto-data.net/en/audi-80-b3-typ-89-89q-8a-generation-1111
Audi,80,https://www.auto-data.net/en/audi-80-b2-typ-81-85-facelift-1984-generation-5186
Audi,80,https://www.auto-data.net/en/audi-80-b2-typ-81-85-generation-1112
Audi,80,https://www.auto-data.net/en/audi-80-b1-typ-82-generation-1114
Audi,80,https://www.auto-data.net/en/audi-80-estate-b1-typ-80-generation-5185
Audi,80,https://www.auto-data.net/en/audi-80-b1-typ-80-generation-1113
Audi,90,https://www.auto-data.net/en/audi-90-b3-typ-89-89q-8a-generation-1128
Audi,90,https://www.auto-data.net/en/audi-90-b2-typ-81-85-generation-1129
Audi,A1,https://www.auto-data.net/en/audi-a1-allstreet-gb-generation-8875
Audi,A1,https://www.auto-data.net/en/audi-a1-sportback-gb-generation-6347
Audi,A1,https://www.auto-data.net/en/audi-a1-citycarver-gb-generation-7267
Audi,A1,https://www.auto-data.net/en/audi-a1-8x-facelift-2014-generation-4351
Audi,A1,https://www.auto-data.net/en/audi-a1-sportback-8x-facelift-2014-generation-4352
Audi,A1,https://www.auto-data.net/en/audi-a1-sportback-8x-generation-3989
Audi,A1,https://www.auto-data.net/en/audi-a1-8x-generation-4140
Audi,A2,https://www.auto-data.net/en/audi-a2-typ-8z-generation-1142
Audi,A3,https://www.auto-data.net/en/audi-a3-allstreet-8y-facelift-2024-generation-9914
Audi,A3,https://www.auto-data.net/en/audi-a3-sedan-8y-facelift-2024-generation-9913
Audi,A3,https://www.auto-data.net/en/audi-a3-sportback-8y-facelift-2024-generation-9912
Audi,A3,https://www.auto-data.net/en/audi-a3-sedan-8y-generation-7716
Audi,A3,https://www.auto-data.net/en/audi-a3-sportback-8y-generation-7584
Audi,A3,https://www.auto-data.net/en/audi-a3-8v-facelift-2016-generation-4776
Audi,A3,https://www.auto-data.net/en/audi-a3-sedan-8v-facelift-2016-generation-4775
Audi,A3,https://www.auto-data.net/en/audi-a3-sportback-8v-facelift-2016-generation-4778
Audi,A3,https://www.auto-data.net/en/audi-a3-cabrio-8v-facelift-2016-generation-4777
Audi,A3,https://www.auto-data.net/en/audi-a3-8v-generation-4015
Audi,A3,https://www.auto-data.net/en/audi-a3-sedan-8v-generation-3990
Audi,A3,https://www.auto-data.net/en/audi-a3-sportback-8v-generation-4016
Audi,A3,https://www.auto-data.net/en/audi-a3-cabrio-8v-generation-4141
Audi,A3,https://www.auto-data.net/en/audi-a3-clubsport-8p-facelift-2008-generation-8494
Audi,A3,https://www.auto-data.net/en/audi-a3-8p-facelift-2008-generation-5194
Audi,A3,https://www.auto-data.net/en/audi-a3-cabrio-8p-facelift-2008-generation-1068
Audi,A3,https://www.auto-data.net/en/audi-a3-sportback-8pa-facelift-2008-generation-5196
Audi,A3,https://www.auto-data.net/en/audi-a3-8p-facelift-2005-generation-8936
Audi,A3,https://www.auto-data.net/en/audi-a3-sportback-8pa-generation-1067
Audi,A3,https://www.auto-data.net/en/audi-a3-8p-generation-1066
Audi,A3,https://www.auto-data.net/en/audi-a3-8l-facelift-2000-generation-5192
Audi,A3,https://www.auto-data.net/en/audi-a3-8l-generation-1069
Audi,A4,https://www.auto-data.net/en/audi-a4-b9-8w-facelift-2019-generation-7119
Audi,A4,https://www.auto-data.net/en/audi-a4-avant-b9-8w-facelift-2019-generation-7120
Audi,A4,https://www.auto-data.net/en/audi-a4-allroad-b9-8w-facelift-2019-generation-7284
Audi,A4,https://www.auto-data.net/en/audi-a4-b9-8w-facelift-2018-generation-6388
Audi,A4,https://www.auto-data.net/en/audi-a4-avant-b9-8w-facelift-2018-generation-6387
Audi,A4,https://www.auto-data.net/en/audi-a4-allroad-b9-8w-generation-4677
Audi,A4,https://www.auto-data.net/en/audi-a4-b9-8w-generation-4621
Audi,A4,https://www.auto-data.net/en/audi-a4-avant-b9-8w-generation-4620
Audi,A4,https://www.auto-data.net/en/audi-a4-allroad-b8-8k-facelift-2011-generation-4136
Audi,A4,https://www.auto-data.net/en/audi-a4-b8-8k-facelift-2011-generation-4129
Audi,A4,https://www.auto-data.net/en/audi-a4-avant-b8-8k-facelift-2011-generation-4134
Audi,A4,https://www.auto-data.net/en/audi-a4-allroad-b8-8k-generation-1082
Audi,A4,https://www.auto-data.net/en/audi-a4-avant-b8-8k-generation-1085
Audi,A4,https://www.auto-data.net/en/audi-a4-b8-8k-generation-1084
Audi,A4,https://www.auto-data.net/en/audi-a4-cabriolet-b7-8h-generation-1083
Audi,A4,https://www.auto-data.net/en/audi-a4-b7-8e-generation-5203
Audi,A4,https://www.auto-data.net/en/audi-a4-avant-b7-8e-generation-5202
Audi,A4,https://www.auto-data.net/en/audi-a4-cabriolet-b6-8h-generation-5204
Audi,A4,https://www.auto-data.net/en/audi-a4-avant-b6-8e-generation-1087
Audi,A4,https://www.auto-data.net/en/audi-a4-b6-8e-generation-1086
Audi,A4,https://www.auto-data.net/en/audi-a4-avant-b5-typ-8d-facelift-1999-generation-5199
Audi,A4,https://www.auto-data.net/en/audi-a4-b5-typ-8d-facelift-1999-generation-5200
Audi,A4,https://www.auto-data.net/en/audi-a4-avant-b5-typ-8d-generation-1089
Audi,A4,https://www.auto-data.net/en/audi-a4-b5-typ-8d-generation-1088
Audi,A5,https://www.auto-data.net/en/audi-a5-avant-b10-generation-10096
Audi,A5,https://www.auto-data.net/en/audi-a5-sedan-b10-generation-10094
Audi,A5,https://www.auto-data.net/en/audi-a5-sportback-f5-facelift-2019-generation-7340
Audi,A5,https://www.auto-data.net/en/audi-a5-coupe-f5-facelift-2019-generation-7339
Audi,A5,https://www.auto-data.net/en/audi-a5-cabriolet-f5-facelift-2019-generation-7341
Audi,A5,https://www.auto-data.net/en/audi-a5-sportback-f5-generation-5188
Audi,A5,https://www.auto-data.net/en/audi-a5-coupe-f5-generation-4913
Audi,A5,https://www.auto-data.net/en/audi-a5-cabriolet-f5-generation-5208
Audi,A5,https://www.auto-data.net/en/audi-a5-sportback-8ta-facelift-2011-generation-4153
Audi,A5,https://www.auto-data.net/en/audi-a5-coupe-8t3-facelift-2011-generation-4152
Audi,A5,https://www.auto-data.net/en/audi-a5-cabriolet-8f7-facelift-2011-generation-4154
Audi,A5,https://www.auto-data.net/en/audi-a5-sportback-8ta-generation-1095
Audi,A5,https://www.auto-data.net/en/audi-a5-cabriolet-8f7-generation-1097
Audi,A5,https://www.auto-data.net/en/audi-a5-coupe-8t3-generation-1096
Audi,A6,https://www.auto-data.net/en/audi-a6-avant-c8-facelift-2023-generation-9795
Audi,A6,https://www.auto-data.net/en/audi-a6-limousine-c8-facelift-2023-generation-9794
Audi,A6,https://www.auto-data.net/en/audi-a6-long-c8-generation-7151
Audi,A6,https://www.auto-data.net/en/audi-a6-allroad-quattro-c8-generation-7174
Audi,A6,https://www.auto-data.net/en/audi-a6-limousine-c8-generation-6147
Audi,A6,https://www.auto-data.net/en/audi-a6-avant-c8-generation-6203
Audi,A6,https://www.auto-data.net/en/audi-a6-allroad-quattro-4g-c7-facelift-2016-generation-4866
Audi,A6,https://www.auto-data.net/en/audi-a6-limousine-4g-c7-facelift-2016-generation-4815
Audi,A6,https://www.auto-data.net/en/audi-a6-avant-4g-c7-facelift-2016-generation-4814
Audi,A6,https://www.auto-data.net/en/audi-a6-allroad-quattro-4g-c7-facelift-2014-generation-4347
Audi,A6,https://www.auto-data.net/en/audi-a6-limousine-4g-c7-facelift-2014-generation-4346
Audi,A6,https://www.auto-data.net/en/audi-a6-avant-4g-c7-facelift-2014-generation-4348
Audi,A6,https://www.auto-data.net/en/audi-a6-allroad-quattro-4g-c7-generation-3983
Audi,A6,https://www.auto-data.net/en/audi-a6-limousine-4g-c7-generation-3981
Audi,A6,https://www.auto-data.net/en/audi-a6-avant-4g-c7-generation-3982
Audi,A6,https://www.auto-data.net/en/audi-a6-allroad-quattro-4f-c6-facelift-2008-generation-5222
Audi,A6,https://www.auto-data.net/en/audi-a6-4f-c6-facelift-2008-generation-4369
Audi,A6,https://www.auto-data.net/en/audi-a6-avant-4f-c6-facelift-2008-generation-4368
Audi,A6,https://www.auto-data.net/en/audi-a6-allroad-quattro-4f-c6-generation-5221
Audi,A6,https://www.auto-data.net/en/audi-a6-4f-c6-generation-1115
Audi,A6,https://www.auto-data.net/en/audi-a6-avant-4f-c6-generation-1116
Audi,A6,https://www.auto-data.net/en/audi-a6-4b-c5-facelift-2001-generation-5206
Audi,A6,https://www.auto-data.net/en/audi-a6-avant-4b-c5-facelift-2001-generation-5205
Audi,A6,https://www.auto-data.net/en/audi-a6-allroad-quattro-4b-c5-generation-1143
Audi,A6,https://www.auto-data.net/en/audi-a6-4b-c5-generation-1117
Audi,A6,https://www.auto-data.net/en/audi-a6-avant-4b-c5-generation-1118
Audi,A6,https://www.auto-data.net/en/audi-a6-4a-c4-generation-1119
Audi,A6,https://www.auto-data.net/en/audi-a6-avant-4a-c4-generation-1120
Audi,A6 e-tron,https://www.auto-data.net/en/audi-a6-avant-e-tron-generation-10116
Audi,A6 e-tron,https://www.auto-data.net/en/audi-a6-sportback-e-tron-generation-10115
Audi,A6 e-tron,https://www.auto-data.net/en/audi-a6-e-tron-concept-generation-8335
Audi,A7,https://www.auto-data.net/en/audi-a7-sportback-c8-facelift-2023-generation-9801
Audi,A7,https://www.auto-data.net/en/audi-a7l-sedan-generation-9873
Audi,A7,https://www.auto-data.net/en/audi-a7-sportback-c8-generation-4816
Audi,A7,https://www.auto-data.net/en/audi-a7-sportback-c7-facelift-2014-generation-4168
Audi,A7,https://www.auto-data.net/en/audi-a7-sportback-c7-generation-3992
Audi,A8,https://www.auto-data.net/en/audi-a8-d5-facelift-2021-generation-8673
Audi,A8,https://www.auto-data.net/en/audi-a8-long-d5-facelift-2021-generation-8674
Audi,A8,https://www.auto-data.net/en/audi-a8-d5-generation-5850
Audi,A8,https://www.auto-data.net/en/audi-a8-long-d5-generation-5851
Audi,A8,https://www.auto-data.net/en/audi-a8-d4-4h-facelift-2013-generation-4172
Audi,A8,https://www.auto-data.net/en/audi-a8-long-d4-4h-facelift-2013-generation-4311
Audi,A8,https://www.auto-data.net/en/audi-a8-d4-4h-generation-4171
Audi,A8,https://www.auto-data.net/en/audi-a8-long-d4-4h-generation-4312
Audi,A8,https://www.auto-data.net/en/audi-a8-d3-4e-facelift-2007-generation-5217
Audi,A8,https://www.auto-data.net/en/audi-a8-long-d3-4e-facelift-2007-generation-5220
Audi,A8,https://www.auto-data.net/en/audi-a8-d3-4e-facelift-2005-generation-5216
Audi,A8,https://www.auto-data.net/en/audi-a8-long-d3-4e-facelift-2005-generation-5219
Audi,A8,https://www.auto-data.net/en/audi-a8-d3-4e-generation-1130
Audi,A8,https://www.auto-data.net/en/audi-a8-long-d3-4e-generation-1131
Audi,A8,https://www.auto-data.net/en/audi-a8-long-d2-4d-facelift-1999-generation-1133
Audi,A8,https://www.auto-data.net/en/audi-a8-d2-4d-facelift-1998-generation-9639
Audi,A8,https://www.auto-data.net/en/audi-a8-d2-4d-generation-1132
Audi,Aicon,https://www.auto-data.net/en/audi-aicon-concept-generation-6182
Audi,Cabriolet,https://www.auto-data.net/en/audi-cabriolet-b3-8g-facelift-1997-generation-5224
Audi,Cabriolet,https://www.auto-data.net/en/audi-cabriolet-b3-8g-generation-1070
Audi,Coupe,https://www.auto-data.net/en/audi-coupe-b4-8c-generation-5226
Audi,Coupe,https://www.auto-data.net/en/audi-coupe-b3-89-generation-1090
Audi,Coupe,https://www.auto-data.net/en/audi-coupe-b2-81-85-facelift-1984-generation-5225
Audi,Coupe,https://www.auto-data.net/en/audi-coupe-b2-81-85-generation-1091
Audi,e-tron,https://www.auto-data.net/en/audi-e-tron-sportback-generation-7424
Audi,e-tron,https://www.auto-data.net/en/audi-e-tron-generation-6546
Audi,e-tron GT,https://www.auto-data.net/en/audi-e-tron-gt-generation-8120
Audi,e-tron GT,https://www.auto-data.net/en/audi-e-tron-gt-concept-generation-6818
Audi,Fox,https://www.auto-data.net/en/audi-fox-b1-generation-8751
Audi,nanuk quattro concept,https://www.auto-data.net/en/audi-nanuk-quattro-concept-generation-8514
Audi,NSU RO 80,https://www.auto-data.net/en/audi-nsu-ro-80-generation-1098
Audi,PB18,https://www.auto-data.net/en/audi-pb18-concept-generation-6479
Audi,Q2,https://www.auto-data.net/en/audi-q2-facelift-2020-generation-7911
Audi,Q2,https://www.auto-data.net/en/audi-q2-generation-4712
Audi,Q3,https://www.auto-data.net/en/audi-q3-sportback-f3-generation-7241
Audi,Q3,https://www.auto-data.net/en/audi-q3-f3-generation-6419
Audi,Q3,https://www.auto-data.net/en/audi-q3-8u-facelift-2014-generation-4355
Audi,Q3,https://www.auto-data.net/en/audi-q3-8u-generation-4174
Audi,Q4 e-tron,https://www.auto-data.net/en/audi-q4-sportback-e-tron-generation-8316
Audi,Q4 e-tron,https://www.auto-data.net/en/audi-q4-e-tron-generation-8199
Audi,Q4 e-tron,https://www.auto-data.net/en/audi-q4-sportback-e-tron-concept-generation-8202
Audi,Q4 e-tron,https://www.auto-data.net/en/audi-q4-e-tron-concept-generation-6963
Audi,Q5,https://www.auto-data.net/en/audi-q5-iii-generation-10153
Audi,Q5,https://www.auto-data.net/en/audi-q5-ii-sportback-fy-facelift-2020-generation-7938
Audi,Q5,https://www.auto-data.net/en/audi-q5-ii-fy-facelift-2020-generation-7841
Audi,Q5,https://www.auto-data.net/en/audi-q5l-ii-fy-generation-7150
Audi,Q5,https://www.auto-data.net/en/audi-q5-ii-fy-generation-5191
Audi,Q5,https://www.auto-data.net/en/audi-q5-i-8r-facelift-2012-generation-4176
Audi,Q5,https://www.auto-data.net/en/audi-q5-i-8r-generation-1121
Audi,Q6 e-tron,https://www.auto-data.net/en/audi-q6-sportback-e-tron-generation-10202
Audi,Q6 e-tron,https://www.auto-data.net/en/audi-q6-e-tron-generation-9944
Audi,Q7,https://www.auto-data.net/en/audi-q7-typ-4m-facelift-2024-generation-9859
Audi,Q7,https://www.auto-data.net/en/audi-q7-typ-4m-facelift-2019-generation-7195
Audi,Q7,https://www.auto-data.net/en/audi-q7-typ-4m-generation-4527
Audi,Q7,https://www.auto-data.net/en/audi-q7-typ-4l-facelift-2009-generation-4178
Audi,Q7,https://www.auto-data.net/en/audi-q7-typ-4l-generation-1134
Audi,Q8,https://www.auto-data.net/en/audi-q8-4m-facelift-2023-generation-9637
Audi,Q8,https://www.auto-data.net/en/audi-q8-4m-generation-6294
Audi,Q8 e-tron,https://www.auto-data.net/en/audi-q8-e-tron-sportback-generation-9114
Audi,Q8 e-tron,https://www.auto-data.net/en/audi-q8-e-tron-generation-9113
Audi,Quattro,https://www.auto-data.net/en/audi-quattro-typ-85-generation-1144
Audi,R8,https://www.auto-data.net/en/audi-r8-ii-coupe-4s-facelift-2019-generation-7332
Audi,R8,https://www.auto-data.net/en/audi-r8-ii-spyder-4s-facelift-2019-generation-7333
Audi,R8,https://www.auto-data.net/en/audi-r8-ii-lms-facelift-2019-generation-6608
Audi,R8,https://www.auto-data.net/en/audi-r8-ii-spyder-4s-generation-4770
Audi,R8,https://www.auto-data.net/en/audi-r8-ii-lms-generation-5229
Audi,R8,https://www.auto-data.net/en/audi-r8-ii-coupe-4s-generation-4528
Audi,R8,https://www.auto-data.net/en/audi-r8-lms-ultra-generation-4181
Audi,R8,https://www.auto-data.net/en/audi-r8-spyder-42-facelift-2012-generation-5228
Audi,R8,https://www.auto-data.net/en/audi-r8-coupe-42-facelift-2012-generation-4179
Audi,R8,https://www.auto-data.net/en/audi-r8-spyder-42-generation-4180
Audi,R8,https://www.auto-data.net/en/audi-r8-coupe-42-generation-1071
Audi,RS 2,https://www.auto-data.net/en/audi-rs-2-avant-generation-1092
Audi,RS 3,https://www.auto-data.net/en/audi-rs-3-sportback-8y-facelift-2024-generation-10147
Audi,RS 3,https://www.auto-data.net/en/audi-rs-3-sedan-8y-facelift-2024-generation-10146
Audi,RS 3,https://www.auto-data.net/en/audi-rs-3-sportback-8y-generation-8508
Audi,RS 3,https://www.auto-data.net/en/audi-rs-3-sedan-8y-generation-8507
Audi,RS 3,https://www.auto-data.net/en/audi-rs-3-sportback-8va-facelift-2017-generation-5358
Audi,RS 3,https://www.auto-data.net/en/audi-rs-3-sedan-8v-facelift-2017-generation-5190
Audi,RS 3,https://www.auto-data.net/en/audi-rs-3-sportback-8va-generation-4526
Audi,RS 3,https://www.auto-data.net/en/audi-rs-3-sportback-8pa-generation-4525
Audi,RS 4,https://www.auto-data.net/en/audi-rs-4-avant-b9-facelift-2019-generation-7311
Audi,RS 4,https://www.auto-data.net/en/audi-rs-4-avant-b9-generation-5970
Audi,RS 4,https://www.auto-data.net/en/audi-rs-4-avant-b8-facelift-2011-generation-4139
Audi,RS 4,https://www.auto-data.net/en/audi-rs-4-cabrio-8e-b7-generation-1099
Audi,RS 4,https://www.auto-data.net/en/audi-rs-4-avant-8e-b7-generation-1100
Audi,RS 4,https://www.auto-data.net/en/audi-rs-4-salon-8e-b7-generation-1101
Audi,RS 4,https://www.auto-data.net/en/audi-rs-4-avant-8d-b5-generation-1102
Audi,RS 5,https://www.auto-data.net/en/audi-rs-5-sportback-f5-facelift-2020-generation-7466
Audi,RS 5,https://www.auto-data.net/en/audi-rs-5-coupe-ii-f5-facelift-2020-generation-7465
Audi,RS 5,https://www.auto-data.net/en/audi-rs-5-sportback-f5-generation-6204
Audi,RS 5,https://www.auto-data.net/en/audi-rs-5-coupe-ii-f5-generation-5398
Audi,RS 5,https://www.auto-data.net/en/audi-rs-5-cabriolet-8t-generation-4159
Audi,RS 5,https://www.auto-data.net/en/audi-rs-5-coupe-8t-facelift-2011-generation-4158
Audi,RS 5,https://www.auto-data.net/en/audi-rs-5-coupe-8t-generation-7467
Audi,RS 6,https://www.auto-data.net/en/audi-rs-6-avant-c8-generation-7274
Audi,RS 6,https://www.auto-data.net/en/audi-rs-6-avant-c7-facelift-2014-generation-8975
Audi,RS 6,https://www.auto-data.net/en/audi-rs-6-avant-c7-generation-4167
Audi,RS 6,https://www.auto-data.net/en/audi-rs-6-4f-c6-generation-1122
Audi,RS 6,https://www.auto-data.net/en/audi-rs-6-avant-4f-c6-generation-1123
Audi,RS 6,https://www.auto-data.net/en/audi-rs-6-4b-c5-generation-1124
Audi,RS 6,https://www.auto-data.net/en/audi-rs-6-avant-4b-c5-generation-1125
Audi,RS 7,https://www.auto-data.net/en/audi-rs-7-sportback-c8-generation-7272
Audi,RS 7,https://www.auto-data.net/en/audi-rs-7-sportback-c7-generation-3995
Audi,RS e-tron GT,https://www.auto-data.net/en/audi-rs-e-tron-gt-facelift-2024-generation-10066
Audi,RS e-tron GT,https://www.auto-data.net/en/audi-rs-e-tron-gt-generation-8121
Audi,RS Q3,https://www.auto-data.net/en/audi-rs-q3-f3-generation-7302
Audi,RS Q3,https://www.auto-data.net/en/audi-rs-q3-sportback-generation-7300
Audi,RS Q3,https://www.auto-data.net/en/audi-rs-q3-facelift-2015-generation-4774
Audi,RS Q3,https://www.auto-data.net/en/audi-rs-q3-generation-4175
Audi,RS Q8,https://www.auto-data.net/en/audi-rs-q8-4m-facelift-2024-generation-10072
Audi,RS Q8,https://www.auto-data.net/en/audi-rs-q8-4m-generation-7434
Audi,S e-tron GT,https://www.auto-data.net/en/audi-s-e-tron-gt-generation-10065
Audi,S1,https://www.auto-data.net/en/audi-s1-sportback-generation-4354
Audi,S1,https://www.auto-data.net/en/audi-s1-generation-4353
Audi,S2,https://www.auto-data.net/en/audi-s2-generation-5230
Audi,S2,https://www.auto-data.net/en/audi-s2-avant-generation-1135
Audi,S2,https://www.auto-data.net/en/audi-s2-coupe-generation-1136
Audi,S3,https://www.auto-data.net/en/audi-s3-sportback-8y-facelift-2024-generation-9984
Audi,S3,https://www.auto-data.net/en/audi-s3-sedan-8y-facelift-2024-generation-9983
Audi,S3,https://www.auto-data.net/en/audi-s3-sportback-8y-generation-7868
Audi,S3,https://www.auto-data.net/en/audi-s3-sedan-8y-generation-7867
Audi,S3,https://www.auto-data.net/en/audi-s3-sportback-8v-facelift-2016-generation-4782
Audi,S3,https://www.auto-data.net/en/audi-s3-8v-facelift-2016-generation-4781
Audi,S3,https://www.auto-data.net/en/audi-s3-sedan-8v-facelift-2016-generation-4780
Audi,S3,https://www.auto-data.net/en/audi-s3-cabriolet-8v-facelift-2016-generation-4779
Audi,S3,https://www.auto-data.net/en/audi-s3-cabriolet-8v-generation-4638
Audi,S3,https://www.auto-data.net/en/audi-s3-sportback-8v-generation-4017
Audi,S3,https://www.auto-data.net/en/audi-s3-8v-generation-3991
Audi,S3,https://www.auto-data.net/en/audi-s3-sedan-8v-generation-4080
Audi,S3,https://www.auto-data.net/en/audi-s3-sportback-8pa-generation-1146
Audi,S3,https://www.auto-data.net/en/audi-s3-8p-facelift-2008-generation-1145
Audi,S3,https://www.auto-data.net/en/audi-s3-8p-generation-5231
Audi,S3,https://www.auto-data.net/en/audi-s3-8l-facelift-2001-generation-8959
Audi,S3,https://www.auto-data.net/en/audi-s3-8l-generation-1147
Audi,S4,https://www.auto-data.net/en/audi-s4-b9-facelift-2019-generation-7125
Audi,S4,https://www.auto-data.net/en/audi-s4-avant-b9-facelift-2019-generation-7124
Audi,S4,https://www.auto-data.net/en/audi-s4-b9-generation-4652
Audi,S4,https://www.auto-data.net/en/audi-s4-avant-b9-generation-4700
Audi,S4,https://www.auto-data.net/en/audi-s4-b8-facelift-2011-generation-4137
Audi,S4,https://www.auto-data.net/en/audi-s4-avant-b8-facelift-2011-generation-4138
Audi,S4,https://www.auto-data.net/en/audi-s4-b8-generation-1072
Audi,S4,https://www.auto-data.net/en/audi-s4-avant-b8-generation-5236
Audi,S4,https://www.auto-data.net/en/audi-s4-cabriolet-8e-b7-generation-5235
Audi,S4,https://www.auto-data.net/en/audi-s4-8e-b7-generation-5234
Audi,S4,https://www.auto-data.net/en/audi-s4-avant-8e-b7-generation-5233
Audi,S4,https://www.auto-data.net/en/audi-s4-cabriolet-8e-b6-generation-1073
Audi,S4,https://www.auto-data.net/en/audi-s4-8e-b6-generation-1074
Audi,S4,https://www.auto-data.net/en/audi-s4-avant-8e-b6-generation-1075
Audi,S4,https://www.auto-data.net/en/audi-s4-8d-b5-generation-1076
Audi,S4,https://www.auto-data.net/en/audi-s4-avant-8d-b5-generation-1077
Audi,S4,https://www.auto-data.net/en/audi-s4-4a-c4-generation-1078
Audi,S4,https://www.auto-data.net/en/audi-s4-avant-4a-c4-generation-5232
Audi,S5,https://www.auto-data.net/en/audi-s5-avant-b10-generation-10098
Audi,S5,https://www.auto-data.net/en/audi-s5-sedan-b10-generation-10097
Audi,S5,https://www.auto-data.net/en/audi-s5-cabriolet-f5-facelift-2019-generation-7943
Audi,S5,https://www.auto-data.net/en/audi-s5-sportback-f5-facelift-2019-generation-7944
Audi,S5,https://www.auto-data.net/en/audi-s5-coupe-f5-facelift-2019-generation-7942
Audi,S5,https://www.auto-data.net/en/audi-s5-sportback-f5-generation-5189
Audi,S5,https://www.auto-data.net/en/audi-s5-cabriolet-f5-generation-5209
Audi,S5,https://www.auto-data.net/en/audi-s5-coupe-f5-generation-4936
Audi,S5,https://www.auto-data.net/en/audi-s5-sportback-8t-facelift-2011-generation-4156
Audi,S5,https://www.auto-data.net/en/audi-s5-cabriolet-8t-facelift-2011-generation-4157
Audi,S5,https://www.auto-data.net/en/audi-s5-coupe-8t-facelift-2011-generation-4155
Audi,S5,https://www.auto-data.net/en/audi-s5-sportback-8t-generation-5238
Audi,S5,https://www.auto-data.net/en/audi-s5-cabriolet-8t-generation-5237
Audi,S5,https://www.auto-data.net/en/audi-s5-coupe-8t-generation-1093
Audi,S6,https://www.auto-data.net/en/audi-s6-avant-c8-facelift-2023-generation-9800
Audi,S6,https://www.auto-data.net/en/audi-s6-c8-facelift-2023-generation-9799
Audi,S6,https://www.auto-data.net/en/audi-s6-avant-c8-generation-7073
Audi,S6,https://www.auto-data.net/en/audi-s6-c8-generation-7072
Audi,S6,https://www.auto-data.net/en/audi-s6-c7-facelift-2016-generation-4825
Audi,S6,https://www.auto-data.net/en/audi-s6-avant-c7-facelift-2016-generation-4826
Audi,S6,https://www.auto-data.net/en/audi-s6-c7-facelift-2014-generation-4349
Audi,S6,https://www.auto-data.net/en/audi-s6-avant-c7-facelift-2014-generation-4350
Audi,S6,https://www.auto-data.net/en/audi-s6-c7-generation-4165
Audi,S6,https://www.auto-data.net/en/audi-s6-avant-c7-generation-4166
Audi,S6,https://www.auto-data.net/en/audi-s6-4f-c6-facelift-2008-generation-5050
Audi,S6,https://www.auto-data.net/en/audi-s6-avant-4f-c6-facelift-2008-generation-5240
Audi,S6,https://www.auto-data.net/en/audi-s6-4f-c6-generation-1103
Audi,S6,https://www.auto-data.net/en/audi-s6-avant-4f-c6-generation-1104
Audi,S6,https://www.auto-data.net/en/audi-s6-4b-c5-generation-1105
Audi,S6,https://www.auto-data.net/en/audi-s6-avant-4b-c5-generation-1106
Audi,S6,https://www.auto-data.net/en/audi-s6-4a-c4-generation-1107
Audi,S6,https://www.auto-data.net/en/audi-s6-avant-4a-c4-generation-1108
Audi,S6 e-tron,https://www.auto-data.net/en/audi-s6-avant-e-tron-generation-10118
Audi,S6 e-tron,https://www.auto-data.net/en/audi-s6-sportback-e-tron-generation-10117
Audi,S7,https://www.auto-data.net/en/audi-s7-sportback-c8-facelift-2023-generation-9803
Audi,S7,https://www.auto-data.net/en/audi-s7-sportback-c8-generation-7071
Audi,S7,https://www.auto-data.net/en/audi-s7-sportback-c7-facelift-2016-generation-4827
Audi,S7,https://www.auto-data.net/en/audi-s7-sportback-c7-facelift-2014-generation-4169
Audi,S7,https://www.auto-data.net/en/audi-s7-sportback-c7-generation-3993
Audi,S8,https://www.auto-data.net/en/audi-s8-d5-facelift-2021-generation-8675
Audi,S8,https://www.auto-data.net/en/audi-s8-d5-generation-7409
Audi,S8,https://www.auto-data.net/en/audi-s8-d4-facelift-2013-generation-4331
Audi,S8,https://www.auto-data.net/en/audi-s8-d4-generation-4173
Audi,S8,https://www.auto-data.net/en/audi-s8-d3-facelift-2007-generation-5245
Audi,S8,https://www.auto-data.net/en/audi-s8-d3-generation-1126
Audi,S8,https://www.auto-data.net/en/audi-s8-d2-generation-5243
Audi,Skysphere,https://www.auto-data.net/en/audi-skysphere-concept-generation-9227
Audi,SQ2,https://www.auto-data.net/en/audi-sq2-facelift-2020-generation-8796
Audi,SQ2,https://www.auto-data.net/en/audi-sq2-generation-6765
Audi,SQ5,https://www.auto-data.net/en/audi-sq5-iii-generation-10154
Audi,SQ5,https://www.auto-data.net/en/audi-sq5-ii-sportback-fy-facelift-2020-generation-8011
Audi,SQ5,https://www.auto-data.net/en/audi-sq5-ii-fy-facelift-2020-generation-8010
Audi,SQ5,https://www.auto-data.net/en/audi-sq5-ii-fy-generation-5407
Audi,SQ5,https://www.auto-data.net/en/audi-sq5-i-8r-generation-4177
Audi,SQ6 e-tron,https://www.auto-data.net/en/audi-sq6-sportback-e-tron-generation-10203
Audi,SQ6 e-tron,https://www.auto-data.net/en/audi-sq6-e-tron-generation-9945
Audi,SQ7,https://www.auto-data.net/en/audi-sq7-typ-4m-facelift-2024-generation-9860
Audi,SQ7,https://www.auto-data.net/en/audi-sq7-typ-4m-facelift-2019-generation-7240
Audi,SQ7,https://www.auto-data.net/en/audi-sq7-typ-4m-generation-4715
Audi,SQ8,https://www.auto-data.net/en/audi-sq8-4m-facelift-2023-generation-9638
Audi,SQ8,https://www.auto-data.net/en/audi-sq8-4m-generation-7203
Audi,SQ8 e-tron,https://www.auto-data.net/en/audi-sq8-e-tron-sportback-generation-9155
Audi,SQ8 e-tron,https://www.auto-data.net/en/audi-sq8-e-tron-generation-9115
Audi,TT,https://www.auto-data.net/en/audi-tt-rs-roadster-8s-facelift-2019-generation-7105
Audi,TT,https://www.auto-data.net/en/audi-tt-rs-coupe-8s-facelift-2019-generation-7104
Audi,TT,https://www.auto-data.net/en/audi-tts-roadster-8s-facelift-2018-generation-6875
Audi,TT,https://www.auto-data.net/en/audi-tts-coupe-8s-facelift-2018-generation-6874
Audi,TT,https://www.auto-data.net/en/audi-tt-roadster-8s-facelift-2018-generation-6709
Audi,TT,https://www.auto-data.net/en/audi-tt-coupe-8s-facelift-2018-generation-6708
Audi,TT,https://www.auto-data.net/en/audi-tt-rs-roadster-8s-generation-5137
Audi,TT,https://www.auto-data.net/en/audi-tt-rs-coupe-8s-generation-5136
Audi,TT,https://www.auto-data.net/en/audi-tts-roadster-8s-generation-4359
Audi,TT,https://www.auto-data.net/en/audi-tts-coupe-8s-generation-4358
Audi,TT,https://www.auto-data.net/en/audi-tt-roadster-8s-generation-4357
Audi,TT,https://www.auto-data.net/en/audi-tt-coupe-8s-generation-4356
Audi,TT,https://www.auto-data.net/en/audi-tt-rs-roadster-8j-facelift-2010-generation-5257
Audi,TT,https://www.auto-data.net/en/audi-tt-rs-coupe-8j-facelift-2010-generation-5256
Audi,TT,https://www.auto-data.net/en/audi-tts-roadster-8j-facelift-2010-generation-5255
Audi,TT,https://www.auto-data.net/en/audi-tts-coupe-8j-facelift-2010-generation-5254
Audi,TT,https://www.auto-data.net/en/audi-tt-roadster-8j-facelift-2010-generation-5252
Audi,TT,https://www.auto-data.net/en/audi-tt-coupe-8j-facelift-2010-generation-5251
Audi,TT,https://www.auto-data.net/en/audi-tt-rs-roadster-8j-generation-3935
Audi,TT,https://www.auto-data.net/en/audi-tt-rs-coupe-8j-generation-3934
Audi,TT,https://www.auto-data.net/en/audi-tts-roadster-8j-generation-3933
Audi,TT,https://www.auto-data.net/en/audi-tts-coupe-8j-generation-1137
Audi,TT,https://www.auto-data.net/en/audi-tt-roadster-8j-generation-1140
Audi,TT,https://www.auto-data.net/en/audi-tt-coupe-8j-generation-1139
Audi,TT,https://www.auto-data.net/en/audi-tt-roadster-8n-facelift-2000-generation-1138
Audi,TT,https://www.auto-data.net/en/audi-tt-coupe-8n-facelift-2000-generation-1141
Audi,TT,https://www.auto-data.net/en/audi-tt-roadster-8n-generation-5247
Audi,TT,https://www.auto-data.net/en/audi-tt-coupe-8n-generation-5246
Audi,V8,https://www.auto-data.net/en/audi-v8-long-d11-generation-8548
Audi,V8,https://www.auto-data.net/en/audi-v8-d11-generation-1148
Bentley,Arnage,https://www.auto-data.net/en/bentley-arnage-r-generation-1543
Bentley,Arnage,https://www.auto-data.net/en/bentley-arnage-t-generation-1544
Bentley,Arnage,https://www.auto-data.net/en/bentley-arnage-i-generation-1546
Bentley,Azure,https://www.auto-data.net/en/bentley-azure-ii-generation-1558
Bentley,Azure,https://www.auto-data.net/en/bentley-azure-generation-1559
Bentley,Bacalar,https://www.auto-data.net/en/bentley-mulliner-bacalar-generation-7594
Bentley,Batur,https://www.auto-data.net/en/bentley-batur-convertible-generation-10010
Bentley,Batur,https://www.auto-data.net/en/bentley-batur-generation-9005
Bentley,Bentayga,https://www.auto-data.net/en/bentley-bentayga-ewb-generation-8871
Bentley,Bentayga,https://www.auto-data.net/en/bentley-bentayga-facelift-2020-generation-7853
Bentley,Bentayga,https://www.auto-data.net/en/bentley-bentayga-generation-4718
Bentley,Brooklands,https://www.auto-data.net/en/bentley-brooklands-ii-generation-1547
Bentley,Brooklands,https://www.auto-data.net/en/bentley-brooklands-generation-1548
Bentley,Continental,https://www.auto-data.net/en/bentley-continental-gtc-iv-generation-10075
Bentley,Continental,https://www.auto-data.net/en/bentley-continental-gt-iv-generation-10074
Bentley,Continental,https://www.auto-data.net/en/bentley-continental-gtc-iii-generation-6690
Bentley,Continental,https://www.auto-data.net/en/bentley-continental-gt-iii-generation-5796
Bentley,Continental,https://www.auto-data.net/en/bentley-continental-gtc-ii-facelift-2015-generation-4728
Bentley,Continental,https://www.auto-data.net/en/bentley-continental-gt-ii-facelift-2015-generation-4732
Bentley,Continental,https://www.auto-data.net/en/bentley-continental-gtc-ii-generation-4277
Bentley,Continental,https://www.auto-data.net/en/bentley-continental-gt-ii-generation-4276
Bentley,Continental,https://www.auto-data.net/en/bentley-continental-gtc-generation-1551
Bentley,Continental,https://www.auto-data.net/en/bentley-continental-flying-spur-generation-1549
Bentley,Continental,https://www.auto-data.net/en/bentley-continental-gt-generation-1552
Bentley,Continental,https://www.auto-data.net/en/bentley-continental-t-generation-1554
Bentley,Continental,https://www.auto-data.net/en/bentley-continental-r-generation-1553
Bentley,Continental,https://www.auto-data.net/en/bentley-continental-generation-1555
Bentley,Flying Spur,https://www.auto-data.net/en/bentley-flying-spur-iv-generation-10174
Bentley,Flying Spur,https://www.auto-data.net/en/bentley-flying-spur-iii-generation-7172
Bentley,Flying Spur,https://www.auto-data.net/en/bentley-flying-spur-ii-facelift-2015-generation-4743
Bentley,Flying Spur,https://www.auto-data.net/en/bentley-flying-spur-ii-generation-4719
Bentley,Mark VI,https://www.auto-data.net/en/bentley-mark-vi-generation-8452
Bentley,Mulsanne,https://www.auto-data.net/en/bentley-mulsanne-ewb-generation-4750
Bentley,Mulsanne,https://www.auto-data.net/en/bentley-mulsanne-ii-facelift-2016-generation-4749
Bentley,Mulsanne,https://www.auto-data.net/en/bentley-mulsanne-ii-generation-7201
Bentley,Mulsanne,https://www.auto-data.net/en/bentley-mulsanne-i-generation-1556
Bentley,Turbo R,https://www.auto-data.net/en/bentley-turbo-r-generation-1557
BMW,02,https://www.auto-data.net/en/bmw-02-e10-generation-1974
BMW,1 Series,https://www.auto-data.net/en/bmw-1-series-hatchback-f70-generation-10045
BMW,1 Series,https://www.auto-data.net/en/bmw-1-series-hatchback-f40-generation-7146
BMW,1 Series,https://www.auto-data.net/en/bmw-1-series-sedan-f52-generation-5545
BMW,1 Series,https://www.auto-data.net/en/bmw-1-series-hatchback-5dr-f20-lci-facelift-2017-generation-5543
BMW,1 Series,https://www.auto-data.net/en/bmw-1-series-hatchback-3dr-f21-lci-facelift-2017-generation-5544
BMW,1 Series,https://www.auto-data.net/en/bmw-1-series-hatchback-5dr-f20-lci-facelift-2015-generation-4742
BMW,1 Series,https://www.auto-data.net/en/bmw-1-series-hatchback-3dr-f21-lci-facelift-2015-generation-4523
BMW,1 Series,https://www.auto-data.net/en/bmw-1-series-hatchback-3dr-f21-generation-3913
BMW,1 Series,https://www.auto-data.net/en/bmw-1-series-hatchback-5dr-f20-generation-3847
BMW,1 Series,https://www.auto-data.net/en/bmw-1-series-convertible-e88-lci-facelift-2011-generation-4360
BMW,1 Series,https://www.auto-data.net/en/bmw-1-series-coupe-e82-lci-facelift-2011-generation-4361
BMW,1 Series,https://www.auto-data.net/en/bmw-1-series-convertible-e88-generation-1994
BMW,1 Series,https://www.auto-data.net/en/bmw-1-series-hatchback-5dr-e87-lci-facelift-2007-generation-4362
BMW,1 Series,https://www.auto-data.net/en/bmw-1-series-hatchback-3dr-e81-generation-3846
BMW,1 Series,https://www.auto-data.net/en/bmw-1-series-coupe-e82-generation-1995
BMW,1 Series,https://www.auto-data.net/en/bmw-1-series-hatchback-e87-generation-1993
BMW,1M,https://www.auto-data.net/en/bmw-1m-coupe-e82-generation-10071
BMW,2 Series,https://www.auto-data.net/en/bmw-2-series-gran-coupe-f74-generation-10210
BMW,2 Series,https://www.auto-data.net/en/bmw-2-series-coupe-g42-generation-8474
BMW,2 Series,https://www.auto-data.net/en/bmw-2-series-active-tourer-u06-generation-8604
BMW,2 Series,https://www.auto-data.net/en/bmw-2-series-gran-coupe-f44-generation-7346
BMW,2 Series,https://www.auto-data.net/en/bmw-2-series-gran-tourer-f46-lci-facelift-2018-generation-6074
BMW,2 Series,https://www.auto-data.net/en/bmw-2-series-active-tourer-f45-lci-facelift-2018-generation-6073
BMW,2 Series,https://www.auto-data.net/en/bmw-2-series-convertible-f23-lci-facelift-2017-generation-5547
BMW,2 Series,https://www.auto-data.net/en/bmw-2-series-coupe-f22-lci-facelift-2017-generation-5546
BMW,2 Series,https://www.auto-data.net/en/bmw-2-series-gran-tourer-f46-generation-4393
BMW,2 Series,https://www.auto-data.net/en/bmw-2-series-convertible-f23-generation-4392
BMW,2 Series,https://www.auto-data.net/en/bmw-2-series-active-tourer-f45-generation-4183
BMW,2 Series,https://www.auto-data.net/en/bmw-2-series-coupe-f22-generation-4182
BMW,3 Series,https://www.auto-data.net/en/bmw-3-series-sedan-g20-lci-facelift-2022-generation-8879
BMW,3 Series,https://www.auto-data.net/en/bmw-3-series-touring-g21-lci-facelift-2022-generation-8880
BMW,3 Series,https://www.auto-data.net/en/bmw-3-series-sedan-long-g28-generation-7461
BMW,3 Series,https://www.auto-data.net/en/bmw-3-series-touring-g21-generation-7173
BMW,3 Series,https://www.auto-data.net/en/bmw-3-series-sedan-g20-generation-6580
BMW,3 Series,https://www.auto-data.net/en/bmw-3-series-gran-turismo-f34-lci-facelift-2016-generation-4894
BMW,3 Series,https://www.auto-data.net/en/bmw-3-series-touring-f31-lci-facelift-2015-generation-4511
BMW,3 Series,https://www.auto-data.net/en/bmw-3-series-sedan-f30-lci-facelift-2015-generation-4512
BMW,3 Series,https://www.auto-data.net/en/bmw-3-series-gran-turismo-f34-generation-3971
BMW,3 Series,https://www.auto-data.net/en/bmw-3-series-touring-f31-generation-3916
BMW,3 Series,https://www.auto-data.net/en/bmw-3-series-sedan-f30-generation-3842
BMW,3 Series,https://www.auto-data.net/en/bmw-3-series-convertible-e93-lci-facelift-2010-generation-4364
BMW,3 Series,https://www.auto-data.net/en/bmw-3-series-coupe-e92-lci-facelift-2010-generation-4363
BMW,3 Series,https://www.auto-data.net/en/bmw-3-series-touring-e91-lci-facelift-2008-generation-4365
BMW,3 Series,https://www.auto-data.net/en/bmw-3-series-sedan-e90-lci-facelift-2008-generation-5304
BMW,3 Series,https://www.auto-data.net/en/bmw-3-series-convertible-e93-generation-2033
BMW,3 Series,https://www.auto-data.net/en/bmw-3-series-coupe-e92-generation-2032
BMW,3 Series,https://www.auto-data.net/en/bmw-3-series-touring-e91-generation-2031
BMW,3 Series,https://www.auto-data.net/en/bmw-3-series-sedan-e90-generation-2030
BMW,3 Series,https://www.auto-data.net/en/bmw-3-series-coupe-e46-facelift-2003-generation-8259
BMW,3 Series,https://www.auto-data.net/en/bmw-3-series-sedan-e46-facelift-2001-generation-5411
BMW,3 Series,https://www.auto-data.net/en/bmw-3-series-touring-e46-facelift-2001-generation-5410
BMW,3 Series,https://www.auto-data.net/en/bmw-3-series-compact-e46-facelift-2001-generation-2035
BMW,3 Series,https://www.auto-data.net/en/bmw-3-series-convertible-e46-facelift-2001-generation-2034
BMW,3 Series,https://www.auto-data.net/en/bmw-3-series-convertible-e46-generation-8368
BMW,3 Series,https://www.auto-data.net/en/bmw-3-series-touring-e46-generation-2038
BMW,3 Series,https://www.auto-data.net/en/bmw-3-series-coupe-e46-generation-2037
BMW,3 Series,https://www.auto-data.net/en/bmw-3-series-sedan-e46-generation-2036
BMW,3 Series,https://www.auto-data.net/en/bmw-3-series-touring-e36-generation-2040
BMW,3 Series,https://www.auto-data.net/en/bmw-3-series-compact-e36-generation-2039
BMW,3 Series,https://www.auto-data.net/en/bmw-3-series-convertible-e36-generation-2042
BMW,3 Series,https://www.auto-data.net/en/bmw-3-series-coupe-e36-generation-2043
BMW,3 Series,https://www.auto-data.net/en/bmw-3-series-sedan-e36-generation-2041
BMW,3 Series,https://www.auto-data.net/en/bmw-3-series-touring-e30-facelift-1987-generation-2044
BMW,3 Series,https://www.auto-data.net/en/bmw-3-series-convertible-e30-facelift-1987-generation-8963
BMW,3 Series,https://www.auto-data.net/en/bmw-3-series-sedan-e30-facelift-1987-generation-8962
BMW,3 Series,https://www.auto-data.net/en/bmw-3-series-coupe-e30-facelift-1987-generation-8261
BMW,3 Series,https://www.auto-data.net/en/bmw-3-series-convertible-e30-generation-2045
BMW,3 Series,https://www.auto-data.net/en/bmw-3-series-sedan-e30-generation-2046
BMW,3 Series,https://www.auto-data.net/en/bmw-3-series-coupe-e30-generation-8961
BMW,3 Series,https://www.auto-data.net/en/bmw-3-series-e21-generation-2047
BMW,3.0 CSL,https://www.auto-data.net/en/bmw-3.0-csl-generation-9221
BMW,4 Series,https://www.auto-data.net/en/bmw-4-series-gran-coupe-g26-lci-facelift-2024-generation-10043
BMW,4 Series,https://www.auto-data.net/en/bmw-4-series-convertible-g23-lci-facelift-2024-generation-9865
BMW,4 Series,https://www.auto-data.net/en/bmw-4-series-coupe-g22-lci-facelift-2024-generation-9862
BMW,4 Series,https://www.auto-data.net/en/bmw-4-series-gran-coupe-g26-generation-8405
BMW,4 Series,https://www.auto-data.net/en/bmw-4-series-convertible-g23-generation-7941
BMW,4 Series,https://www.auto-data.net/en/bmw-4-series-coupe-g22-generation-7816
BMW,4 Series,https://www.auto-data.net/en/bmw-4-series-concept-4-generation-7273
BMW,4 Series,https://www.auto-data.net/en/bmw-4-series-gran-coupe-f36-facelift-2017-generation-5308
BMW,4 Series,https://www.auto-data.net/en/bmw-4-series-convertible-f33-facelift-2017-generation-5306
BMW,4 Series,https://www.auto-data.net/en/bmw-4-series-coupe-f32-facelift-2017-generation-5307
BMW,4 Series,https://www.auto-data.net/en/bmw-4-series-gran-coupe-f36-generation-4101
BMW,4 Series,https://www.auto-data.net/en/bmw-4-series-convertible-f33-generation-4100
BMW,4 Series,https://www.auto-data.net/en/bmw-4-series-coupe-f32-generation-4099
BMW,5 Series,https://www.auto-data.net/en/bmw-5-series-touring-g61-generation-9876
BMW,5 Series,https://www.auto-data.net/en/bmw-5-series-sedan-g60-generation-9501
BMW,5 Series,https://www.auto-data.net/en/bmw-5-series-sedan-g30-lci-facelift-2020-generation-7813
BMW,5 Series,https://www.auto-data.net/en/bmw-5-series-touring-g31-lci-facelift-2020-generation-7812
BMW,5 Series,https://www.auto-data.net/en/bmw-5-series-sedan-g30-generation-5198
BMW,5 Series,https://www.auto-data.net/en/bmw-5-series-touring-g31-generation-5336
BMW,5 Series,https://www.auto-data.net/en/bmw-5-series-active-hybrid-f10h-lci-facelift-2013-generation-4366
BMW,5 Series,https://www.auto-data.net/en/bmw-5-series-gran-turismo-f07-lci-facelift-2013-generation-4262
BMW,5 Series,https://www.auto-data.net/en/bmw-5-series-sedan-f10-lci-facelift-2013-generation-4255
BMW,5 Series,https://www.auto-data.net/en/bmw-5-series-touring-f11-lci-facelift-2013-generation-4254
BMW,5 Series,https://www.auto-data.net/en/bmw-5-series-active-hybrid-f10-generation-3851
BMW,5 Series,https://www.auto-data.net/en/bmw-5-series-sedan-f10-generation-3849
BMW,5 Series,https://www.auto-data.net/en/bmw-5-series-gran-turismo-f07-generation-3850
BMW,5 Series,https://www.auto-data.net/en/bmw-5-series-touring-f11-generation-3848
BMW,5 Series,https://www.auto-data.net/en/bmw-5-series-e60-facelift-2007-generation-5341
BMW,5 Series,https://www.auto-data.net/en/bmw-5-series-touring-e61-facelift-2007-generation-5340
BMW,5 Series,https://www.auto-data.net/en/bmw-5-series-touring-e61-generation-1976
BMW,5 Series,https://www.auto-data.net/en/bmw-5-series-e60-generation-1975
BMW,5 Series,https://www.auto-data.net/en/bmw-5-series-e39-facelift-2000-generation-5338
BMW,5 Series,https://www.auto-data.net/en/bmw-5-series-touring-e39-facelift-2000-generation-5337
BMW,5 Series,https://www.auto-data.net/en/bmw-5-series-e39-generation-1977
BMW,5 Series,https://www.auto-data.net/en/bmw-5-series-touring-e39-generation-1978
BMW,5 Series,https://www.auto-data.net/en/bmw-5-series-touring-e34-generation-1979
BMW,5 Series,https://www.auto-data.net/en/bmw-5-series-e34-generation-1980
BMW,5 Series,https://www.auto-data.net/en/bmw-5-series-e28-generation-1981
BMW,5 Series,https://www.auto-data.net/en/bmw-5-series-e12-facelift-1976-generation-5333
BMW,5 Series,https://www.auto-data.net/en/bmw-5-series-e12-generation-1982
BMW,6 Series,https://www.auto-data.net/en/bmw-6-series-gran-turismo-g32-lci-facelift-2020-generation-7814
BMW,6 Series,https://www.auto-data.net/en/bmw-6-series-gran-turismo-g32-generation-5597
BMW,6 Series,https://www.auto-data.net/en/bmw-6-series-gran-coupe-f06-lci-facelift-2015-generation-5097
BMW,6 Series,https://www.auto-data.net/en/bmw-6-series-convertible-f12-lci-facelift-2015-generation-5096
BMW,6 Series,https://www.auto-data.net/en/bmw-6-series-coupe-f13-lci-facelift-2015-generation-5095
BMW,6 Series,https://www.auto-data.net/en/bmw-6-series-gran-coupe-f06-generation-3854
BMW,6 Series,https://www.auto-data.net/en/bmw-6-series-convertible-f12-generation-3853
BMW,6 Series,https://www.auto-data.net/en/bmw-6-series-coupe-f13-generation-3852
BMW,6 Series,https://www.auto-data.net/en/bmw-6-series-convertible-e64-facelift-2007-generation-5374
BMW,6 Series,https://www.auto-data.net/en/bmw-6-series-e63-facelift-2007-generation-5375
BMW,6 Series,https://www.auto-data.net/en/bmw-6-series-convertible-e64-generation-1997
BMW,6 Series,https://www.auto-data.net/en/bmw-6-series-e63-generation-1996
BMW,6 Series,https://www.auto-data.net/en/bmw-6-series-e24-facelift-1987-generation-5372
BMW,6 Series,https://www.auto-data.net/en/bmw-6-series-e24-facelift-1982-generation-5371
BMW,6 Series,https://www.auto-data.net/en/bmw-6-series-e24-generation-1998
BMW,7 Series,https://www.auto-data.net/en/bmw-7-series-g70-generation-8852
BMW,7 Series,https://www.auto-data.net/en/bmw-7-series-g11-lci-facelift-2019-generation-6842
BMW,7 Series,https://www.auto-data.net/en/bmw-7-series-long-g12-lci-facelift-2019-generation-6841
BMW,7 Series,https://www.auto-data.net/en/bmw-7-series-g11-generation-4622
BMW,7 Series,https://www.auto-data.net/en/bmw-7-series-long-g12-generation-4623
BMW,7 Series,https://www.auto-data.net/en/bmw-7-series-f01-lci-facelift-2012-generation-4112
BMW,7 Series,https://www.auto-data.net/en/bmw-7-series-long-f02-lci-facelift-2012-generation-4309
BMW,7 Series,https://www.auto-data.net/en/bmw-7-series-activehybrid-f01h-lci-facelift-2012-generation-4107
BMW,7 Series,https://www.auto-data.net/en/bmw-7-series-activehybrid-long-f02h-lci-facelift-2012-generation-8710
BMW,7 Series,https://www.auto-data.net/en/bmw-7-series-activehybrid-f04-generation-8708
BMW,7 Series,https://www.auto-data.net/en/bmw-7-series-activehybrid-long-f04-generation-8709
BMW,7 Series,https://www.auto-data.net/en/bmw-7-series-f01-generation-1983
BMW,7 Series,https://www.auto-data.net/en/bmw-7-series-long-f02-generation-4308
BMW,7 Series,https://www.auto-data.net/en/bmw-7-series-e65-facelift-2005-generation-5409
BMW,7 Series,https://www.auto-data.net/en/bmw-7-series-long-e66-facelift-2005-generation-5408
BMW,7 Series,https://www.auto-data.net/en/bmw-7-series-e65-generation-1984
BMW,7 Series,https://www.auto-data.net/en/bmw-7-series-long-e66-generation-4307
BMW,7 Series,https://www.auto-data.net/en/bmw-7-series-e38-facelift-1998-generation-5402
BMW,7 Series,https://www.auto-data.net/en/bmw-7-series-long-e38-facelift-1998-generation-5404
BMW,7 Series,https://www.auto-data.net/en/bmw-7-series-e38-generation-1985
BMW,7 Series,https://www.auto-data.net/en/bmw-7-series-long-e38-generation-5403
BMW,7 Series,https://www.auto-data.net/en/bmw-7-series-e32-facelift-1992-generation-5383
BMW,7 Series,https://www.auto-data.net/en/bmw-7-series-e32-generation-1986
BMW,7 Series,https://www.auto-data.net/en/bmw-7-series-e23-facelift-1983-generation-5378
BMW,7 Series,https://www.auto-data.net/en/bmw-7-series-e23-generation-1987
BMW,700,https://www.auto-data.net/en/bmw-700-ls-generation-8175
BMW,8 Series,https://www.auto-data.net/en/bmw-8-series-gran-coupe-g16-lci-facelift-2022-generation-8784
BMW,8 Series,https://www.auto-data.net/en/bmw-8-series-coupe-g15-lci-facelift-2022-generation-8783
BMW,8 Series,https://www.auto-data.net/en/bmw-8-series-convertible-g14-lci-facelift-2022-generation-8782
BMW,8 Series,https://www.auto-data.net/en/bmw-8-series-gran-coupe-g16-generation-7093
BMW,8 Series,https://www.auto-data.net/en/bmw-8-series-convertible-g14-generation-6626
BMW,8 Series,https://www.auto-data.net/en/bmw-8-series-g15-generation-6239
BMW,8 Series,https://www.auto-data.net/en/bmw-8-series-e31-generation-1999
BMW,E9,https://www.auto-data.net/en/bmw-e9-generation-8455
BMW,i3,https://www.auto-data.net/en/bmw-i3-g28-generation-8832
BMW,i3,https://www.auto-data.net/en/bmw-i3s-l01-generation-6131
BMW,i3,https://www.auto-data.net/en/bmw-i3-l01-facelift-2017-generation-6130
BMW,i3,https://www.auto-data.net/en/bmw-i3-l01-generation-4221
BMW,i4,https://www.auto-data.net/en/bmw-i4-g26-lci-facelift-2024-generation-10042
BMW,i4,https://www.auto-data.net/en/bmw-i4-g26-generation-8338
BMW,i5,https://www.auto-data.net/en/bmw-i5-touring-g61-generation-9878
BMW,i5,https://www.auto-data.net/en/bmw-i5-sedan-g60-generation-9502
BMW,i7,https://www.auto-data.net/en/bmw-i7-g70-generation-8850
BMW,i8,https://www.auto-data.net/en/bmw-i8-roadster-i15-generation-6017
BMW,i8,https://www.auto-data.net/en/bmw-i8-coupe-i12-lci-generation-6016
BMW,i8,https://www.auto-data.net/en/bmw-i8-coupe-i12-generation-4222
BMW,i8,https://www.auto-data.net/en/bmw-i8-coupe-concept-generation-6019
BMW,Isetta,https://www.auto-data.net/en/bmw-isetta-generation-8608
BMW,iX,https://www.auto-data.net/en/bmw-ix-generation-8337
BMW,iX1,https://www.auto-data.net/en/bmw-ix1-u11-generation-8898
BMW,iX2,https://www.auto-data.net/en/bmw-ix2-u10-generation-9685
BMW,iX3,https://www.auto-data.net/en/bmw-ix3-g08-facelift-2021-generation-8530
BMW,iX3,https://www.auto-data.net/en/bmw-ix3-g08-generation-7890
BMW,iX3,https://www.auto-data.net/en/bmw-ix3-concept-generation-7891
BMW,iX5,https://www.auto-data.net/en/bmw-ix5-hydrogen-generation-8542
BMW,M1,https://www.auto-data.net/en/bmw-m1-e26-generation-8510
BMW,M2,https://www.auto-data.net/en/bmw-m2-g87-generation-9054
BMW,M2,https://www.auto-data.net/en/bmw-m2-coupe-f87-generation-4694
BMW,M3,https://www.auto-data.net/en/bmw-m3-touring-g81-lci-facelift-2024-generation-10035
BMW,M3,https://www.auto-data.net/en/bmw-m3-g80-lci-facelift-2024-generation-10034
BMW,M3,https://www.auto-data.net/en/bmw-m3-touring-g81-generation-8930
BMW,M3,https://www.auto-data.net/en/bmw-m3-g80-generation-7930
BMW,M3,https://www.auto-data.net/en/bmw-m3-f80-generation-4256
BMW,M3,https://www.auto-data.net/en/bmw-m3-convertible-e93-lci-facelift-2010-generation-10169
BMW,M3,https://www.auto-data.net/en/bmw-m3-coupe-e92-lci-facelift-2010-generation-10168
BMW,M3,https://www.auto-data.net/en/bmw-m3-e90-lci-facelift-2008-generation-2000
BMW,M3,https://www.auto-data.net/en/bmw-m3-convertible-e93-generation-2001
BMW,M3,https://www.auto-data.net/en/bmw-m3-e90-generation-10170
BMW,M3,https://www.auto-data.net/en/bmw-m3-coupe-e92-generation-2003
BMW,M3,https://www.auto-data.net/en/bmw-m3-convertible-e46-generation-2008
BMW,M3,https://www.auto-data.net/en/bmw-m3-coupe-e46-generation-2007
BMW,M3,https://www.auto-data.net/en/bmw-m3-e36-generation-8945
BMW,M3,https://www.auto-data.net/en/bmw-m3-convertible-e36-generation-2010
BMW,M3,https://www.auto-data.net/en/bmw-m3-coupe-e36-generation-2011
BMW,M3,https://www.auto-data.net/en/bmw-m3-convertible-e30-generation-2014
BMW,M3,https://www.auto-data.net/en/bmw-m3-coupe-e30-generation-2015
BMW,M4,https://www.auto-data.net/en/bmw-m4-convertible-g83-lci-facelift-2024-generation-9867
BMW,M4,https://www.auto-data.net/en/bmw-m4-g82-lci-facelift-2024-generation-9864
BMW,M4,https://www.auto-data.net/en/bmw-m4-convertible-g83-generation-8373
BMW,M4,https://www.auto-data.net/en/bmw-m4-g82-generation-7929
BMW,M4,https://www.auto-data.net/en/bmw-m4-convertible-f83-generation-4264
BMW,M4,https://www.auto-data.net/en/bmw-m4-f82-generation-4257
BMW,M5,https://www.auto-data.net/en/bmw-m5-touring-g91-generation-10139
BMW,M5,https://www.auto-data.net/en/bmw-m5-g90-generation-10076
BMW,M5,https://www.auto-data.net/en/bmw-m5-f90-lci-facelift-2020-generation-7831
BMW,M5,https://www.auto-data.net/en/bmw-m5-f90-generation-5548
BMW,M5,https://www.auto-data.net/en/bmw-m5-f10m-lci-facelift-2013-generation-5092
BMW,M5,https://www.auto-data.net/en/bmw-m5-f10m-generation-3917
BMW,M5,https://www.auto-data.net/en/bmw-m5-touring-e61-lci-facelift-2007-generation-2002
BMW,M5,https://www.auto-data.net/en/bmw-m5-e60-lci-facelift-2007-generation-8903
BMW,M5,https://www.auto-data.net/en/bmw-m5-e60-generation-2006
BMW,M5,https://www.auto-data.net/en/bmw-m5-e39-lci-facelift-2000-generation-8983
BMW,M5,https://www.auto-data.net/en/bmw-m5-e39-generation-2009
BMW,M5,https://www.auto-data.net/en/bmw-m5-touring-e34-generation-2012
BMW,M5,https://www.auto-data.net/en/bmw-m5-e34-generation-2013
BMW,M5,https://www.auto-data.net/en/bmw-m5-e28-generation-2016
BMW,M6,https://www.auto-data.net/en/bmw-m6-gran-coupe-f06m-lci-facelift-2014-generation-6248
BMW,M6,https://www.auto-data.net/en/bmw-m6-convertible-f12m-lci-facelift-2014-generation-6249
BMW,M6,https://www.auto-data.net/en/bmw-m6-coupe-f13m-lci-facelift-2014-generation-4951
BMW,M6,https://www.auto-data.net/en/bmw-m6-gran-coupe-f06m-generation-6250
BMW,M6,https://www.auto-data.net/en/bmw-m6-convertible-f12m-generation-3919
BMW,M6,https://www.auto-data.net/en/bmw-m6-coupe-f13m-generation-3918
BMW,M6,https://www.auto-data.net/en/bmw-m6-convertible-e64-lci-facelift-2007-generation-8278
BMW,M6,https://www.auto-data.net/en/bmw-m6-e63-lci-facelift-2007-generation-8277
BMW,M6,https://www.auto-data.net/en/bmw-m6-convertible-e64-generation-2004
BMW,M6,https://www.auto-data.net/en/bmw-m6-e63-generation-2005
BMW,M8,https://www.auto-data.net/en/bmw-m8-gran-coupe-f93-facelift-2022-generation-8780
BMW,M8,https://www.auto-data.net/en/bmw-m8-coupe-f92-facelift-2022-generation-8779
BMW,M8,https://www.auto-data.net/en/bmw-m8-convertible-f91-facelift-2022-generation-8778
BMW,M8,https://www.auto-data.net/en/bmw-m8-gran-coupe-f93-generation-7331
BMW,M8,https://www.auto-data.net/en/bmw-m8-coupe-f92-generation-7169
BMW,M8,https://www.auto-data.net/en/bmw-m8-convertible-f91-generation-7266
BMW,M8,https://www.auto-data.net/en/bmw-m8-gran-coupe-concept-generation-6045
BMW,M8,https://www.auto-data.net/en/bmw-m8-coupe-prototype-e31-generation-8607
BMW,New Class,https://www.auto-data.net/en/bmw-new-class-coupe-generation-8468
BMW,New Class,https://www.auto-data.net/en/bmw-new-class-generation-8467
BMW,X1,https://www.auto-data.net/en/bmw-x1-u11-generation-8897
BMW,X1,https://www.auto-data.net/en/bmw-x1-f49-lci-facelift-2019-generation-8531
BMW,X1,https://www.auto-data.net/en/bmw-x1-f48-facelift-2019-generation-7160
BMW,X1,https://www.auto-data.net/en/bmw-x1-f49-long-generation-6230
BMW,X1,https://www.auto-data.net/en/bmw-x1-f48-generation-4543
BMW,X1,https://www.auto-data.net/en/bmw-x1-e84-facelift-2012-generation-3856
BMW,X1,https://www.auto-data.net/en/bmw-x1-e84-generation-1990
BMW,X2,https://www.auto-data.net/en/bmw-x2-u10-generation-9686
BMW,X2,https://www.auto-data.net/en/bmw-x2-f39-generation-5948
BMW,X3,https://www.auto-data.net/en/bmw-x3-g45-generation-10063
BMW,X3,https://www.auto-data.net/en/bmw-x3-g01-lci-facelift-2021-generation-8406
BMW,X3,https://www.auto-data.net/en/bmw-x3-g01-generation-5620
BMW,X3,https://www.auto-data.net/en/bmw-x3-f25-lci-facelift-2014-generation-4259
BMW,X3,https://www.auto-data.net/en/bmw-x3-f25-generation-3855
BMW,X3,https://www.auto-data.net/en/bmw-x3-e83-facelift-2006-generation-6389
BMW,X3,https://www.auto-data.net/en/bmw-x3-e83-generation-1991
BMW,X3 M,https://www.auto-data.net/en/bmw-x3-m-f97-lci-facelift-2021-generation-8410
BMW,X3 M,https://www.auto-data.net/en/bmw-x3-m-f97-generation-6900
BMW,X4,https://www.auto-data.net/en/bmw-x4-g02-lci-facelift-2021-generation-8408
BMW,X4,https://www.auto-data.net/en/bmw-x4-g02-generation-6124
BMW,X4,https://www.auto-data.net/en/bmw-x4-f26-generation-4258
BMW,X4 M,https://www.auto-data.net/en/bmw-x4-m-f98-facelift-2021-generation-8411
BMW,X4 M,https://www.auto-data.net/en/bmw-x4-m-f98-generation-6899
