id,brand,model,prodyear,price,fuel
1,Volkswagen,Truck,2006,77053,Diesel
2,Hyundai,Van,2011,26842,Hybrid
3,Kia,Coupe,2000,8622,Electric
4,Ford,Hatchback,2024,17560,Electric
5,Kia,Wagon,2003,11895,Petrol
6,Chevrolet,Sedan,2022,8911,Electric
7,Hyundai,Electric,2023,25306,Petrol
8,Ford,Hatchback,2004,72144,Diesel
9,Volkswagen,Hybrid,2019,34607,Electric
10,Chevrolet,Wagon,2001,23762,Electric
11,Ford,Hybrid,2021,73484,Diesel
12,Nissan,Wagon,2010,27106,Hybrid
13,BMW,Coupe,2001,26256,Petrol
14,Nissan,Coupe,2002,29610,Electric
15,Hyundai,Hatchback,2016,33754,Petrol
16,Mercedes,Truck,2011,24865,Diesel
17,Hyundai,SUV,2005,59053,Petrol
18,Volkswagen,Convertible,2000,52650,Diesel
19,Ford,Coupe,2022,31429,Electric
20,Toyota,Convertible,2007,16410,Diesel
21,Mercedes,Convertible,2009,77944,Petrol
22,Nissan,Hybrid,2006,63286,Diesel
23,Nissan,Truck,2020,9028,Electric
24,BMW,Sedan,2017,19109,Diesel
25,Volkswagen,Wagon,2022,19972,Petrol
26,Toyota,Hatchback,2015,68529,Electric
27,Kia,Hatchback,2003,72161,Electric
28,Ford,Truck,2002,5537,Diesel
29,Hyundai,Van,2017,73402,Hybrid
30,Hyundai,Van,2005,13298,Petrol
31,Volkswagen,Hatchback,2016,78640,Electric
32,Mercedes,Hatchback,2023,57180,Electric
33,Volkswagen,Electric,2022,10519,Diesel
34,Honda,Van,2007,19663,Hybrid
35,BMW,Sedan,2008,58716,Hybrid
36,Mercedes,Hybrid,2023,22052,Electric
37,Honda,Convertible,2012,69426,Hybrid
38,Nissan,Hatchback,2024,37607,Diesel
39,Volkswagen,Hybrid,2010,12533,Hybrid
40,Hyundai,Hybrid,2004,69256,Petrol
41,Chevrolet,SUV,2023,40925,Petrol
42,Kia,Hybrid,2008,54987,Hybrid
43,Toyota,Sedan,2020,75519,Petrol
44,Mercedes,Sedan,2016,25449,Petrol
45,Kia,SUV,2014,34153,Electric
46,Mercedes,Hatchback,2008,30806,Petrol
47,Toyota,Convertible,2000,5255,Petrol
48,Ford,Truck,2018,24170,Electric
49,Volkswagen,Hatchback,2004,32387,Petrol
50,Chevrolet,Truck,2000,62050,Hybrid
51,Honda,Convertible,2015,38594,Hybrid
52,Nissan,SUV,2010,38758,Diesel
53,Honda,Hatchback,2021,52589,Electric
54,Hyundai,Wagon,2004,52245,Petrol
55,BMW,Convertible,2013,67609,Diesel
56,Honda,Convertible,2014,7725,Petrol
57,Kia,Electric,2012,20102,Hybrid
58,Honda,Hybrid,2017,16101,Electric
59,Volkswagen,Wagon,2015,6099,Electric
60,Nissan,Truck,2020,74844,Electric
61,Kia,Electric,2000,60158,Electric
62,Mercedes,Hybrid,2015,48793,Hybrid
63,Hyundai,Electric,2013,33382,Diesel
64,Hyundai,Electric,2009,69259,Petrol
65,Honda,Truck,2022,64165,Electric
66,Honda,Truck,2007,41157,Electric
67,Honda,Convertible,2019,6888,Diesel
68,Honda,SUV,2010,7553,Electric
69,Nissan,Truck,2011,64889,Hybrid
70,Volkswagen,Convertible,2004,60174,Electric
71,Chevrolet,Hatchback,2023,14163,Hybrid
72,Volkswagen,Truck,2011,46719,Hybrid
73,BMW,Sedan,2006,48082,Electric
74,Nissan,SUV,2001,25885,Diesel
75,Nissan,Van,2018,13735,Petrol
76,Toyota,Wagon,2021,45572,Diesel
77,Volkswagen,Hatchback,2021,70498,Hybrid
78,Mercedes,Convertible,2006,38526,Petrol
79,Ford,Hybrid,2002,73249,Electric
80,Volkswagen,Sedan,2007,19607,Hybrid
81,Toyota,Convertible,2006,24348,Hybrid
82,BMW,Van,2006,78795,Petrol
83,Ford,Hatchback,2002,39226,Electric
84,BMW,Hatchback,2021,65325,Diesel
85,Mercedes,Van,2018,45819,Petrol
86,Nissan,Electric,2000,12812,Diesel
87,Volkswagen,Van,2004,10174,Diesel
88,Ford,Van,2002,52451,Electric
89,Kia,SUV,2009,36727,Electric
90,Toyota,Coupe,2001,79847,Diesel
91,Hyundai,Van,2014,61199,Hybrid
92,Mercedes,Coupe,2019,43782,Diesel
93,Volkswagen,Electric,2011,21223,Diesel
94,Hyundai,Sedan,2019,35266,Diesel
95,Chevrolet,Truck,2005,44663,Hybrid
96,Hyundai,Convertible,2008,72670,Hybrid
97,Volkswagen,Convertible,2008,39863,Electric
98,Ford,Hybrid,2008,56778,Electric
99,Toyota,Convertible,2023,17805,Diesel
100,Toyota,Truck,2002,29817,Hybrid
101,Kia,Hybrid,2020,76425,Petrol
102,Volkswagen,Coupe,2019,12479,Diesel
103,Ford,Coupe,2017,66077,Hybrid
104,Nissan,Hatchback,2003,12937,Hybrid
105,Chevrolet,Convertible,2020,22544,Petrol
106,Volkswagen,Van,2023,41206,Petrol
107,Toyota,Coupe,2009,35074,Petrol
108,Honda,Van,2001,69131,Petrol
109,Hyundai,Sedan,2011,37198,Petrol
110,Chevrolet,Hatchback,2016,19789,Electric
111,Volkswagen,Wagon,2017,10677,Diesel
112,Toyota,Convertible,2013,17269,Hybrid
113,Chevrolet,Hybrid,2005,72063,Diesel
114,Toyota,Truck,2008,66491,Electric
115,BMW,Convertible,2011,41879,Diesel
116,Mercedes,SUV,2007,54932,Electric
117,Kia,Convertible,2022,13631,Electric
118,Hyundai,Sedan,2001,45650,Diesel
119,Nissan,Sedan,2020,73468,Electric
120,Kia,SUV,2006,6689,Electric
121,Toyota,Electric,2007,61100,Electric
122,Chevrolet,Hybrid,2024,32165,Diesel
123,Chevrolet,Convertible,2013,46707,Petrol
124,Nissan,Convertible,2011,38044,Electric
125,Honda,Wagon,2014,53568,Hybrid
126,BMW,Wagon,2015,61489,Diesel
127,Kia,Convertible,2014,57442,Diesel
128,Toyota,Hatchback,2016,62277,Electric
129,Honda,Coupe,2016,38033,Petrol
130,Toyota,Wagon,2000,42711,Diesel
131,Kia,Truck,2016,5497,Petrol
132,Mercedes,Convertible,2008,50487,Electric
133,Nissan,Coupe,2011,28658,Electric
134,Ford,Electric,2019,66361,Diesel
135,Toyota,Van,2007,68525,Petrol
136,BMW,Coupe,2000,79842,Electric
137,Toyota,Hatchback,2016,57745,Petrol
138,Ford,Sedan,2003,28380,Petrol
139,Nissan,Convertible,2021,59782,Hybrid
140,Nissan,Coupe,2015,48521,Hybrid
141,Volkswagen,Coupe,2018,23254,Electric
142,BMW,Electric,2022,68911,Petrol
143,Chevrolet,Truck,2023,63178,Petrol
144,Nissan,Hybrid,2009,61138,Petrol
145,BMW,Truck,2024,55669,Hybrid
146,Honda,Hatchback,2014,52869,Petrol
147,Ford,Coupe,2005,32995,Hybrid
148,Honda,Wagon,2022,8467,Diesel
149,Honda,Coupe,2013,20091,Hybrid
150,Hyundai,Hybrid,2007,32023,Hybrid
151,Kia,Sedan,2002,47911,Hybrid
152,Ford,Coupe,2017,62736,Hybrid
153,Honda,Convertible,2011,68858,Electric
154,Ford,Truck,2010,29505,Electric
155,Chevrolet,Wagon,2009,27197,Hybrid
156,Volkswagen,Convertible,2014,39184,Hybrid
157,Volkswagen,SUV,2013,60888,Hybrid
158,BMW,Electric,2011,16651,Electric
159,Hyundai,Hatchback,2001,43595,Hybrid
160,Volkswagen,Convertible,2014,9169,Hybrid
161,Honda,Convertible,2000,48665,Petrol
162,Chevrolet,Hybrid,2022,21870,Diesel
163,Chevrolet,Electric,2010,73804,Petrol
164,BMW,Hatchback,2021,47476,Electric
165,Mercedes,Hatchback,2016,10240,Electric
166,Toyota,Wagon,2016,18749,Petrol
167,Toyota,Hatchback,2002,64302,Diesel
168,Volkswagen,Wagon,2018,6538,Electric
169,Chevrolet,Truck,2017,50837,Electric
170,Toyota,Hybrid,2019,46871,Hybrid
171,BMW,Hatchback,2019,65397,Diesel
172,Kia,Sedan,2001,51814,Diesel
173,Volkswagen,Van,2021,30768,Petrol
174,Volkswagen,Convertible,2020,20977,Hybrid
175,Honda,Coupe,2019,41224,Petrol
176,Kia,Wagon,2012,29475,Electric
177,Toyota,Truck,2018,73299,Electric
178,BMW,Truck,2005,60739,Electric
179,Chevrolet,Hybrid,2023,78784,Diesel
180,Chevrolet,Coupe,2003,14472,Petrol
181,Kia,Electric,2013,50952,Hybrid
182,Mercedes,Electric,2006,69650,Hybrid
183,Ford,SUV,2019,52634,Electric
184,Chevrolet,Sedan,2018,23551,Petrol
185,BMW,Sedan,2014,8895,Hybrid
186,Honda,Hatchback,2021,33062,Electric
187,Ford,SUV,2012,12831,Hybrid
188,Chevrolet,Hybrid,2023,14814,Diesel
189,Hyundai,Coupe,2006,50887,Electric
190,Kia,Hybrid,2007,47970,Electric
191,Toyota,Convertible,2006,69524,Petrol
192,Kia,SUV,2003,21865,Diesel
193,Kia,Hatchback,2014,61224,Diesel
194,BMW,Hatchback,2000,76096,Diesel
195,BMW,Sedan,2002,79794,Hybrid
196,Toyota,Hybrid,2010,29740,Petrol
197,Kia,Wagon,2019,56637,Hybrid
198,BMW,Hatchback,2014,19492,Hybrid
199,Hyundai,Wagon,2007,28115,Hybrid
200,Toyota,SUV,2021,68753,Electric
201,Volkswagen,Hybrid,2016,45264,Diesel
202,Toyota,Sedan,2021,19233,Electric
203,Ford,Convertible,2006,22405,Petrol
204,BMW,Electric,2018,17784,Electric
205,BMW,Hatchback,2011,26037,Hybrid
206,Volkswagen,Sedan,2007,37429,Petrol
207,Chevrolet,Sedan,2003,75582,Hybrid
208,Ford,Wagon,2005,54089,Diesel
209,Chevrolet,Truck,2004,57228,Diesel
210,Mercedes,Sedan,2015,46839,Electric
211,Hyundai,Hybrid,2022,44672,Hybrid
212,Chevrolet,Convertible,2009,31762,Hybrid
213,Volkswagen,Convertible,2003,22605,Diesel
214,BMW,Electric,2008,67820,Petrol
215,Ford,Electric,2015,67957,Petrol
216,Honda,Hatchback,2010,51241,Petrol
217,Kia,Electric,2007,71558,Hybrid
218,Toyota,Van,2022,64785,Diesel
219,Toyota,Sedan,2019,16386,Electric
220,Hyundai,Van,2012,69860,Diesel
221,Hyundai,Coupe,2023,54382,Electric
222,Hyundai,Electric,2004,24011,Diesel
223,Hyundai,Truck,2009,20343,Petrol
224,Hyundai,Van,2003,13438,Electric
225,Nissan,Sedan,2024,33927,Hybrid
226,Mercedes,Truck,2012,54989,Petrol
227,Honda,Wagon,2001,7628,Hybrid
228,Kia,SUV,2001,77181,Electric
229,Chevrolet,Truck,2003,30720,Electric
230,Nissan,Convertible,2013,69340,Hybrid
231,Honda,SUV,2011,11746,Electric
232,Toyota,Hatchback,2016,44428,Electric
233,Chevrolet,Hatchback,2005,14790,Diesel
234,Hyundai,Hybrid,2012,48187,Petrol
235,Hyundai,Truck,2012,29728,Petrol
236,Toyota,Hatchback,2024,12728,Petrol
237,Kia,Wagon,2007,39190,Diesel
238,Kia,Sedan,2014,49716,Hybrid
239,Volkswagen,SUV,2006,43461,Hybrid
240,Nissan,Van,2012,71576,Petrol
241,Volkswagen,Van,2003,38508,Petrol
242,Ford,Hybrid,2021,67898,Diesel
243,Hyundai,Van,2007,60816,Petrol
244,Chevrolet,Truck,2012,22711,Hybrid
245,Honda,Hybrid,2009,69747,Diesel
246,Hyundai,Wagon,2017,75655,Petrol
247,Toyota,Wagon,2010,47061,Diesel
248,Chevrolet,Hatchback,2024,63312,Hybrid
249,Chevrolet,Wagon,2020,38317,Petrol
250,Kia,Convertible,2008,73639,Hybrid
251,Kia,SUV,2016,25084,Electric
252,Ford,Hatchback,2018,39522,Hybrid
253,Chevrolet,Van,2012,58093,Electric
254,Toyota,Hatchback,2000,25558,Petrol
255,BMW,Convertible,2013,64204,Electric
256,Kia,Convertible,2015,48877,Hybrid
257,Mercedes,Coupe,2010,63160,Hybrid
258,Kia,Van,2006,39739,Electric
259,Toyota,Hybrid,2000,54848,Petrol
260,Hyundai,SUV,2008,24316,Diesel
261,Toyota,Electric,2003,57135,Hybrid
262,Ford,Hatchback,2006,13389,Diesel
263,Toyota,Van,2007,63896,Hybrid
264,Mercedes,Truck,2001,28065,Electric
265,Mercedes,Sedan,2024,76669,Electric
266,Ford,SUV,2015,30678,Electric
267,Ford,Convertible,2006,10456,Diesel
268,Honda,Hybrid,2002,44932,Hybrid
269,Kia,Convertible,2021,47907,Petrol
270,Toyota,Convertible,2008,76603,Diesel
271,BMW,Sedan,2010,33956,Hybrid
272,Kia,Electric,2007,30656,Electric
273,Chevrolet,SUV,2017,53200,Electric
274,Kia,Truck,2008,70198,Petrol
275,Volkswagen,Hybrid,2001,25537,Diesel
276,Hyundai,SUV,2023,42937,Hybrid
277,Hyundai,Van,2001,13406,Electric
278,Toyota,Hybrid,2003,52836,Petrol
279,Nissan,Convertible,2004,17461,Diesel
280,Volkswagen,Sedan,2009,76685,Electric
281,Toyota,Sedan,2001,22029,Diesel
282,Mercedes,Truck,2018,44845,Petrol
283,Hyundai,Sedan,2002,79953,Petrol
284,Chevrolet,Coupe,2015,73438,Diesel
285,Kia,Convertible,2012,51712,Petrol
286,Ford,Coupe,2013,52062,Electric
287,Honda,Truck,2004,24910,Hybrid
288,Chevrolet,Wagon,2018,68522,Diesel
289,Nissan,Wagon,2020,26181,Electric
290,BMW,Sedan,2013,9527,Diesel
291,Toyota,SUV,2012,70466,Electric
292,Honda,Hatchback,2009,25344,Petrol
293,Ford,Truck,2020,25015,Electric
294,Nissan,Hatchback,2014,50628,Hybrid
295,Ford,Van,2022,10514,Petrol
296,BMW,SUV,2001,48679,Diesel
297,Mercedes,Wagon,2007,29207,Diesel
298,Honda,Van,2005,78602,Petrol
299,Ford,Convertible,2018,23668,Hybrid
300,BMW,Hatchback,2012,70220,Electric
301,Honda,Electric,2024,25483,Hybrid
302,Chevrolet,Electric,2018,77022,Hybrid
303,Kia,SUV,2011,60671,Electric
304,Mercedes,Electric,2011,38630,Hybrid
305,Honda,Hybrid,2022,36588,Diesel
306,Ford,Hatchback,2008,37846,Hybrid
307,Ford,Coupe,2000,23962,Diesel
308,Toyota,Hybrid,2004,36664,Petrol
309,Honda,Van,2018,68418,Hybrid
310,Honda,Sedan,2017,19034,Electric
311,Chevrolet,Electric,2010,55017,Petrol
312,Nissan,Convertible,2015,76597,Petrol
313,Toyota,Wagon,2023,8080,Electric
314,Hyundai,Hybrid,2014,68966,Hybrid
315,Chevrolet,Convertible,2023,31421,Petrol
316,Chevrolet,Van,2019,74770,Diesel
317,Volkswagen,Hybrid,2012,54996,Petrol
318,Volkswagen,Wagon,2011,31958,Petrol
319,Mercedes,Wagon,2004,54313,Hybrid
320,Hyundai,Hybrid,2004,54146,Electric
321,Ford,SUV,2022,6577,Diesel
322,Toyota,SUV,2018,55813,Diesel
323,Toyota,Convertible,2020,44522,Hybrid
324,Toyota,Coupe,2016,65460,Electric
325,Kia,Van,2023,25884,Hybrid
326,BMW,Sedan,2020,56423,Electric
327,Chevrolet,Convertible,2010,15315,Petrol
328,Hyundai,Van,2014,15147,Electric
329,Honda,Van,2010,30419,Electric
330,Toyota,Van,2018,59658,Electric
331,BMW,Van,2014,54879,Hybrid
332,Volkswagen,Electric,2014,27993,Hybrid
333,Kia,Hatchback,2024,11748,Hybrid
334,Chevrolet,Truck,2020,23164,Petrol
335,Mercedes,Hatchback,2017,34249,Petrol
336,BMW,Sedan,2023,16825,Electric
337,Volkswagen,SUV,2012,64939,Diesel
338,Kia,Hatchback,2000,14914,Hybrid
339,Chevrolet,Electric,2024,37144,Electric
340,Mercedes,Electric,2024,33857,Diesel
341,Hyundai,Hybrid,2002,13286,Petrol
342,BMW,Wagon,2002,55601,Diesel
343,Kia,Hatchback,2007,37449,Diesel
344,Kia,SUV,2001,22930,Hybrid
345,Kia,Coupe,2023,32435,Hybrid
346,Hyundai,Sedan,2001,33180,Hybrid
347,Toyota,Hybrid,2010,50940,Petrol
348,Nissan,SUV,2005,16968,Diesel
349,Nissan,Electric,2020,65443,Hybrid
350,Kia,Sedan,2022,61841,Petrol
351,Ford,Truck,2008,32895,Hybrid
352,Kia,Hatchback,2010,58481,Diesel
353,Hyundai,Electric,2009,10732,Diesel
354,Kia,Coupe,2018,76316,Petrol
355,Nissan,SUV,2016,68649,Petrol
356,Volkswagen,Electric,2022,69648,Hybrid
357,BMW,Electric,2006,64931,Diesel
358,Hyundai,SUV,2017,34655,Electric
359,Honda,Electric,2015,43753,Diesel
360,Volkswagen,Hatchback,2009,43370,Diesel
361,Toyota,SUV,2001,62238,Diesel
362,Toyota,Coupe,2010,18917,Petrol
363,Honda,Convertible,2024,62227,Hybrid
364,Chevrolet,Electric,2022,18278,Hybrid
365,Hyundai,SUV,2017,48663,Electric
366,Kia,Truck,2017,48450,Diesel
367,Toyota,Wagon,2000,46739,Diesel
368,Chevrolet,Coupe,2013,54985,Diesel
369,Nissan,Hybrid,2016,71494,Electric
370,Volkswagen,Wagon,2020,24756,Electric
371,Ford,Truck,2023,60844,Petrol
372,Volkswagen,Wagon,2013,8865,Petrol
373,BMW,Van,2006,54444,Petrol
374,BMW,Hatchback,2001,18927,Diesel
375,Chevrolet,Wagon,2006,41132,Diesel
376,Mercedes,Truck,2004,70332,Petrol
377,Honda,Electric,2000,54722,Hybrid
378,Hyundai,Hatchback,2016,23407,Electric
379,Mercedes,Van,2015,64444,Electric
380,Nissan,Van,2023,19014,Electric
381,Toyota,Hatchback,2021,75117,Diesel
382,Toyota,Coupe,2020,57897,Electric
383,Ford,Wagon,2002,5488,Hybrid
384,BMW,Van,2021,23527,Petrol
385,Nissan,Coupe,2011,38268,Hybrid
386,Chevrolet,Hybrid,2012,79417,Hybrid
387,Kia,Van,2019,35533,Diesel
388,Ford,SUV,2010,43422,Hybrid
389,Toyota,Van,2006,71919,Electric
390,Chevrolet,Truck,2023,43419,Hybrid
391,Ford,Coupe,2011,7615,Electric
392,Nissan,Truck,2021,7115,Hybrid
393,Chevrolet,Sedan,2011,73849,Petrol
394,BMW,Sedan,2008,65775,Hybrid
395,Nissan,Truck,2022,63653,Diesel
396,Hyundai,Hybrid,2010,22833,Hybrid
397,Chevrolet,Convertible,2010,70272,Hybrid
398,Volkswagen,SUV,2009,45094,Diesel
399,Kia,Van,2011,9576,Petrol
400,Chevrolet,Hatchback,2010,56703,Hybrid
401,Ford,Hatchback,2004,49568,Electric
402,Ford,SUV,2008,18969,Electric
403,Mercedes,Coupe,2001,18117,Diesel
404,BMW,SUV,2009,14445,Hybrid
405,Hyundai,Sedan,2022,30321,Petrol
406,Kia,SUV,2006,50279,Hybrid
407,Honda,Convertible,2017,65705,Petrol
408,BMW,Wagon,2006,73530,Petrol
409,Nissan,SUV,2010,30443,Electric
410,Kia,Wagon,2000,37267,Hybrid
411,Chevrolet,SUV,2000,35825,Hybrid
412,Kia,Convertible,2013,5337,Petrol
413,Hyundai,Coupe,2014,73744,Petrol
414,Kia,Van,2009,47972,Petrol
415,Hyundai,Hybrid,2001,8224,Petrol
416,Honda,Van,2008,30248,Electric
417,Hyundai,Sedan,2003,8169,Petrol
418,Toyota,Wagon,2005,64391,Diesel
419,Kia,Wagon,2016,14619,Electric
420,Hyundai,Wagon,2005,28086,Electric
421,Volkswagen,Electric,2009,33617,Petrol
422,BMW,Sedan,2014,39547,Hybrid
423,Toyota,Truck,2018,15374,Hybrid
424,Hyundai,Sedan,2004,77989,Petrol
425,BMW,Sedan,2014,20280,Diesel
426,Hyundai,Hatchback,2003,44006,Petrol
427,Honda,Convertible,2022,60770,Electric
428,Mercedes,Wagon,2019,70892,Electric
429,Ford,Sedan,2020,20970,Petrol
430,Volkswagen,Sedan,2007,77538,Petrol
431,Chevrolet,Truck,2007,66456,Hybrid
432,Ford,Truck,2001,77541,Hybrid
433,Honda,Truck,2003,63429,Electric
434,Toyota,Truck,2006,26750,Diesel
435,Nissan,Hatchback,2005,19037,Diesel
436,Kia,Van,2017,41346,Petrol
437,BMW,Sedan,2012,12373,Hybrid
438,Volkswagen,Sedan,2024,50878,Electric
439,Mercedes,Van,2001,30087,Hybrid
440,Kia,Hatchback,2016,71170,Petrol
441,Honda,Van,2015,34514,Petrol
442,Honda,Electric,2023,44033,Petrol
443,Ford,Truck,2016,66003,Diesel
444,Mercedes,Wagon,2024,49097,Hybrid
445,Chevrolet,Wagon,2015,11698,Hybrid
446,Nissan,Convertible,2023,42371,Hybrid
447,Hyundai,SUV,2000,40769,Diesel
448,Nissan,Hatchback,2000,72479,Hybrid
449,Hyundai,Van,2001,9202,Electric
450,Honda,Coupe,2002,75460,Petrol
451,Mercedes,Wagon,2003,77341,Electric
452,Nissan,Truck,2008,40492,Diesel
453,Toyota,SUV,2020,55468,Diesel
454,Volkswagen,Hybrid,2007,51153,Electric
455,Volkswagen,Coupe,2008,16097,Diesel
456,Honda,Truck,2021,43201,Diesel
457,Hyundai,Hatchback,2021,46649,Hybrid
458,Nissan,Convertible,2019,51873,Electric
459,BMW,Van,2008,67215,Electric
460,Nissan,Van,2012,72439,Hybrid
461,Toyota,Hatchback,2009,42795,Petrol
462,Mercedes,Hybrid,2023,53412,Electric
463,Mercedes,Electric,2016,19762,Electric
464,Kia,Van,2014,18724,Hybrid
465,Nissan,Coupe,2014,39361,Hybrid
466,BMW,Hatchback,2012,31658,Diesel
467,Toyota,Wagon,2013,67146,Electric
468,Chevrolet,Sedan,2020,6289,Hybrid
469,Chevrolet,Convertible,2017,10501,Electric
470,Honda,Hatchback,2000,34794,Electric
471,Volkswagen,Coupe,2024,75535,Hybrid
472,Ford,Hybrid,2021,28020,Hybrid
473,Toyota,Electric,2020,70603,Diesel
474,Volkswagen,Convertible,2020,38443,Electric
475,BMW,SUV,2016,14602,Diesel
476,Nissan,Wagon,2012,19209,Petrol
477,BMW,Hatchback,2016,27600,Diesel
478,Honda,Wagon,2012,77709,Diesel
479,Mercedes,Sedan,2017,73156,Electric
480,Chevrolet,Van,2022,13758,Diesel
481,Honda,Wagon,2004,79877,Petrol
482,BMW,Truck,2012,45878,Electric
483,Nissan,Hatchback,2015,52703,Hybrid
484,BMW,Convertible,2008,15148,Diesel
485,BMW,Convertible,2001,32731,Hybrid
486,Ford,Coupe,2003,25963,Diesel
487,Ford,Sedan,2022,29738,Petrol
488,Mercedes,Sedan,2017,52908,Hybrid
489,BMW,Sedan,2021,10716,Electric
490,Ford,Wagon,2009,74703,Diesel
491,Nissan,Electric,2019,39186,Diesel
492,Kia,Electric,2007,17298,Petrol
493,Ford,Van,2001,22387,Petrol
494,Volkswagen,Convertible,2015,43690,Electric
495,Kia,Electric,2006,79589,Petrol
496,Chevrolet,Hatchback,2022,42708,Diesel
497,Kia,Wagon,2005,16498,Diesel
498,Mercedes,Sedan,2006,46336,Hybrid
499,Hyundai,Electric,2011,5916,Diesel
500,Nissan,Convertible,2000,64308,Hybrid
501,Toyota,Coupe,2021,5971,Petrol
502,BMW,Van,2004,43108,Diesel
503,Kia,Sedan,2018,38478,Electric
504,Volkswagen,Sedan,2003,46624,Petrol
505,Ford,Electric,2003,58143,Hybrid
506,Volkswagen,Coupe,2007,65465,Petrol
507,Chevrolet,Convertible,2005,5809,Electric
508,Honda,Hybrid,2006,9945,Diesel
509,Mercedes,Wagon,2004,75764,Petrol
510,Mercedes,Sedan,2021,37344,Petrol
511,Nissan,Wagon,2003,72520,Hybrid
512,Mercedes,Truck,2008,11257,Hybrid
513,Chevrolet,Sedan,2013,74422,Electric
514,Chevrolet,Convertible,2008,29489,Hybrid
515,Hyundai,Van,2001,16230,Petrol
516,Chevrolet,SUV,2024,63984,Diesel
517,Honda,Convertible,2010,9405,Diesel
518,Ford,Truck,2004,28006,Diesel
519,Hyundai,Hybrid,2004,40139,Hybrid
520,BMW,Electric,2017,17706,Electric
521,Honda,Convertible,2010,54559,Electric
522,Kia,Coupe,2020,57566,Diesel
523,Kia,Convertible,2006,57111,Electric
524,Honda,Hatchback,2003,15565,Diesel
525,Hyundai,SUV,2011,66633,Electric
526,Kia,Van,2012,9741,Diesel
527,Nissan,SUV,2020,22178,Diesel
528,Kia,SUV,2019,52944,Diesel
529,Toyota,Coupe,2021,79838,Hybrid
530,Kia,Electric,2020,25315,Petrol
531,Mercedes,Hybrid,2006,61058,Petrol
532,Hyundai,Van,2023,24193,Petrol
533,Kia,Coupe,2005,70673,Electric
534,Mercedes,Hybrid,2009,11835,Petrol
535,Nissan,Hatchback,2002,12788,Petrol
536,BMW,Convertible,2022,6137,Electric
537,Nissan,Hybrid,2024,37791,Hybrid
538,BMW,Hatchback,2008,13582,Electric
539,Toyota,Hatchback,2018,53360,Diesel
540,Hyundai,Truck,2010,22524,Diesel
541,Volkswagen,Van,2024,56434,Diesel
542,Honda,Coupe,2009,48271,Hybrid
543,Kia,Electric,2002,42932,Electric
544,Honda,Electric,2018,48957,Hybrid
545,Volkswagen,Convertible,2008,70074,Petrol
546,Kia,Coupe,2016,30961,Petrol
547,Kia,SUV,2008,55153,Hybrid
548,Volkswagen,Wagon,2017,48050,Hybrid
549,Hyundai,Hatchback,2018,50194,Diesel
550,Ford,Wagon,2003,50099,Electric
551,Mercedes,Van,2003,37261,Diesel
552,Mercedes,Hybrid,2012,6116,Diesel
553,Toyota,Electric,2010,77550,Electric
554,Toyota,Hatchback,2009,38985,Electric
555,Mercedes,Truck,2007,35124,Hybrid
556,BMW,Electric,2023,68629,Diesel
557,Ford,Hatchback,2009,61486,Electric
558,Nissan,Hatchback,2012,18002,Petrol
559,Ford,Wagon,2002,54200,Hybrid
560,Chevrolet,Wagon,2015,70644,Petrol
561,Kia,Hatchback,2011,52188,Diesel
562,Mercedes,Hybrid,2008,65403,Hybrid
563,Mercedes,Truck,2007,30413,Petrol
564,Honda,Hatchback,2003,22273,Hybrid
565,Honda,Convertible,2012,12648,Hybrid
566,Ford,Hybrid,2022,67025,Petrol
567,Nissan,Truck,2004,42475,Petrol
568,Kia,Wagon,2014,44557,Electric
569,Volkswagen,Hybrid,2003,77590,Electric
570,Volkswagen,Van,2022,18860,Diesel
571,Toyota,Wagon,2007,35659,Diesel
572,Hyundai,Truck,2011,40315,Hybrid
573,Mercedes,Truck,2008,12461,Petrol
574,Kia,Wagon,2015,8129,Diesel
575,Nissan,Wagon,2007,15802,Diesel
576,Nissan,Sedan,2007,65756,Petrol
577,BMW,Electric,2022,53862,Hybrid
578,Toyota,Hatchback,2007,71812,Diesel
579,Kia,Hatchback,2021,30459,Diesel
580,Hyundai,SUV,2008,61895,Hybrid
581,Nissan,Coupe,2010,39027,Hybrid
582,Hyundai,Van,2013,56053,Petrol
583,Mercedes,Van,2023,19758,Electric
584,Hyundai,Van,2001,28715,Petrol
585,Honda,Hatchback,2000,69000,Electric
586,Kia,Sedan,2011,73895,Hybrid
587,Hyundai,Hybrid,2016,64693,Petrol
588,Kia,Wagon,2010,39976,Diesel
589,Toyota,Truck,2019,22069,Diesel
590,BMW,Hatchback,2010,50251,Hybrid
591,Hyundai,Electric,2004,69484,Hybrid
592,Chevrolet,Convertible,2016,26340,Diesel
593,BMW,Wagon,2023,60345,Hybrid
594,Ford,Sedan,2008,5945,Petrol
595,Volkswagen,Hatchback,2001,67093,Electric
596,Volkswagen,Hybrid,2002,54742,Electric
597,Nissan,Coupe,2024,33253,Petrol
598,Ford,Coupe,2006,28611,Electric
599,Mercedes,Hatchback,2020,5002,Diesel
600,Kia,Electric,2013,71995,Diesel
601,Mercedes,Sedan,2006,76755,Petrol
602,Kia,Sedan,2003,65732,Electric
603,Toyota,Hybrid,2023,62926,Diesel
604,Ford,Van,2001,41180,Hybrid
605,Ford,Coupe,2014,31215,Diesel
606,Chevrolet,Convertible,2011,19707,Hybrid
607,Honda,Convertible,2011,27628,Petrol
608,Nissan,Electric,2014,34552,Electric
609,Nissan,Van,2023,79202,Hybrid
610,Kia,Hybrid,2006,14073,Petrol
611,Toyota,Sedan,2020,69780,Electric
612,Kia,Hybrid,2024,55959,Petrol
613,Volkswagen,Sedan,2021,38503,Petrol
614,Volkswagen,Convertible,2006,62014,Diesel
615,Toyota,Coupe,2019,77308,Hybrid
616,BMW,Truck,2004,47739,Petrol
617,Ford,SUV,2001,28998,Diesel
618,Volkswagen,Convertible,2023,57424,Petrol
619,BMW,Convertible,2016,25950,Hybrid
620,Chevrolet,Electric,2013,16075,Hybrid
621,Volkswagen,Electric,2001,16049,Diesel
622,Hyundai,Coupe,2023,68957,Hybrid
623,Mercedes,Coupe,2007,27671,Diesel
624,Chevrolet,Coupe,2023,58374,Diesel
625,Mercedes,Coupe,2015,41347,Petrol
626,Kia,Electric,2022,22381,Diesel
627,Nissan,SUV,2011,42706,Electric
628,Mercedes,Sedan,2020,47213,Hybrid
629,Nissan,SUV,2007,41638,Hybrid
630,Chevrolet,Hatchback,2006,25196,Hybrid
631,Mercedes,Wagon,2003,50261,Petrol
632,Nissan,Sedan,2024,44003,Hybrid
633,Hyundai,Electric,2010,17259,Petrol
634,Volkswagen,Electric,2012,65530,Petrol
635,BMW,Convertible,2001,18305,Petrol
636,Hyundai,Hatchback,2005,45901,Diesel
637,Chevrolet,Electric,2013,14804,Diesel
638,BMW,Truck,2005,48794,Electric
639,Mercedes,Hybrid,2011,43408,Petrol
640,Ford,SUV,2015,68746,Electric
641,BMW,Truck,2010,44862,Electric
642,Honda,Coupe,2003,71830,Hybrid
643,Mercedes,Sedan,2018,43540,Diesel
644,Toyota,Wagon,2016,75160,Hybrid
645,Chevrolet,Truck,2022,44421,Petrol
646,Volkswagen,Hybrid,2023,5882,Petrol
647,Nissan,Hybrid,2012,38777,Diesel
648,BMW,Wagon,2009,50446,Diesel
649,Honda,Truck,2019,53207,Diesel
650,Chevrolet,Coupe,2006,74009,Petrol
651,Nissan,Hybrid,2001,48997,Petrol
652,BMW,Coupe,2005,46917,Petrol
653,Kia,Convertible,2023,45395,Petrol
654,Honda,Van,2007,60469,Electric
655,Nissan,Coupe,2016,61006,Diesel
656,Nissan,Van,2024,10652,Electric
657,Ford,Hybrid,2022,73644,Petrol
658,Ford,Wagon,2003,41835,Hybrid
659,Honda,Hybrid,2014,34436,Petrol
660,Nissan,Wagon,2004,14213,Diesel
661,Toyota,Wagon,2011,76724,Hybrid
662,BMW,Electric,2000,24797,Petrol
663,Mercedes,Convertible,2016,9420,Hybrid
664,Toyota,Van,2018,35722,Petrol
665,Kia,Convertible,2017,57041,Electric
666,Honda,Van,2016,21912,Electric
667,Honda,Sedan,2004,5237,Diesel
668,Chevrolet,Electric,2007,65277,Diesel
669,Honda,Sedan,2016,67807,Hybrid
670,Hyundai,Wagon,2024,20769,Electric
671,BMW,Hybrid,2018,18269,Electric
672,Kia,Electric,2018,77222,Petrol
673,Toyota,Hybrid,2021,36135,Diesel
674,Nissan,Sedan,2015,14355,Electric
675,BMW,Hatchback,2019,63290,Electric
676,Nissan,Wagon,2003,41348,Petrol
677,Chevrolet,Van,2022,63080,Electric
678,BMW,Convertible,2019,58933,Petrol
679,Toyota,Wagon,2021,64078,Electric
680,Chevrolet,Electric,2004,60822,Diesel
681,Toyota,Electric,2021,39390,Petrol
682,Kia,Van,2016,42456,Electric
683,Chevrolet,Coupe,2019,57758,Diesel
684,Nissan,Sedan,2015,27825,Electric
685,Volkswagen,Sedan,2015,20004,Petrol
686,Volkswagen,Sedan,2019,61289,Petrol
687,Mercedes,Electric,2006,12334,Electric
688,Nissan,Truck,2013,56981,Hybrid
689,Nissan,Van,2016,10826,Diesel
690,Nissan,Sedan,2016,41922,Petrol
691,Kia,Hybrid,2012,74900,Electric
692,Volkswagen,Hatchback,2021,23502,Diesel
693,Toyota,Wagon,2020,24833,Hybrid
694,Nissan,Hatchback,2001,14745,Petrol
695,Hyundai,Van,2022,79475,Electric
696,Ford,Wagon,2015,48850,Hybrid
697,Chevrolet,Truck,2002,36073,Diesel
698,Honda,Sedan,2000,73223,Diesel
699,BMW,Hatchback,2017,25564,Hybrid
700,Mercedes,Hatchback,2001,46142,Electric
701,Ford,Hatchback,2024,50235,Hybrid
702,Toyota,Van,2015,79058,Hybrid
703,Ford,Convertible,2018,30362,Electric
704,BMW,Truck,2009,36728,Electric
705,BMW,Van,2015,22035,Diesel
706,Kia,Wagon,2023,76142,Hybrid
707,Kia,Electric,2021,55431,Hybrid
708,Ford,Van,2012,71474,Electric
709,Nissan,Hatchback,2000,14042,Hybrid
710,Volkswagen,Hatchback,2017,39625,Hybrid
711,Volkswagen,Truck,2004,8135,Petrol
712,Kia,Electric,2007,32955,Petrol
713,Volkswagen,SUV,2020,10298,Electric
714,Mercedes,Sedan,2017,51643,Diesel
715,Chevrolet,Electric,2018,14335,Hybrid
716,BMW,Sedan,2021,71916,Petrol
717,Mercedes,Truck,2015,62209,Electric
718,Volkswagen,Convertible,2019,16684,Electric
719,Hyundai,Wagon,2022,16759,Petrol
720,Hyundai,Truck,2011,39954,Petrol
721,Honda,Van,2023,73444,Hybrid
722,Hyundai,Hatchback,2017,72422,Hybrid
723,Toyota,Sedan,2022,75862,Diesel
724,Kia,Truck,2018,29717,Electric
725,Kia,Sedan,2002,12848,Electric
726,Hyundai,SUV,2019,66935,Electric
727,Volkswagen,Electric,2020,71390,Electric
728,Honda,Electric,2023,75279,Electric
729,Ford,Van,2008,22874,Electric
730,Hyundai,Hybrid,2015,76586,Diesel
731,Hyundai,Coupe,2004,64311,Hybrid
732,Toyota,Sedan,2019,18646,Hybrid
733,Mercedes,Coupe,2002,78407,Hybrid
734,Kia,Truck,2001,19644,Hybrid
735,Ford,Van,2008,64595,Petrol
736,Volkswagen,Van,2005,48117,Hybrid
737,Chevrolet,Hybrid,2000,25307,Electric
738,Nissan,Wagon,2006,9273,Hybrid
739,Volkswagen,Hatchback,2016,13538,Hybrid
740,Hyundai,Electric,2006,37768,Hybrid
741,Kia,Electric,2019,46712,Diesel
742,Kia,Wagon,2008,54281,Diesel
743,Mercedes,Truck,2004,8884,Hybrid
744,BMW,Van,2022,63463,Electric
745,Kia,Electric,2008,11951,Petrol
746,Mercedes,Truck,2020,63964,Petrol
747,Hyundai,Sedan,2018,21462,Electric
748,Kia,Wagon,2015,67797,Hybrid
749,Hyundai,SUV,2017,43328,Electric
750,Nissan,Van,2015,70071,Hybrid
751,Mercedes,Truck,2001,22847,Hybrid
752,Honda,Hatchback,2007,69848,Diesel
753,BMW,Coupe,2011,59607,Hybrid
754,Kia,Wagon,2014,11206,Diesel
755,Mercedes,Hatchback,2016,25087,Electric
756,Kia,Sedan,2016,73665,Hybrid
757,Ford,Wagon,2009,67519,Electric
758,Mercedes,Truck,2021,61226,Hybrid
759,Chevrolet,Electric,2020,67764,Diesel
760,Hyundai,Hybrid,2014,28455,Electric
761,Chevrolet,SUV,2013,24670,Electric
762,Ford,Coupe,2020,65171,Diesel
763,Ford,Coupe,2018,39596,Electric
764,Toyota,Coupe,2022,14762,Petrol
765,Mercedes,Hybrid,2002,6277,Electric
766,Toyota,Wagon,2021,28028,Diesel
767,Toyota,Wagon,2013,65899,Electric
768,Ford,Hatchback,2010,35637,Hybrid
769,Volkswagen,Hatchback,2009,49087,Petrol
770,Chevrolet,Sedan,2016,36438,Diesel
771,Volkswagen,Hatchback,2021,21445,Electric
772,Hyundai,Convertible,2013,66233,Petrol
773,Chevrolet,SUV,2000,10759,Hybrid
774,Volkswagen,Van,2015,20063,Petrol
775,Hyundai,SUV,2011,70710,Hybrid
776,Ford,Van,2001,42706,Electric
777,Volkswagen,Coupe,2002,24634,Petrol
778,Honda,SUV,2011,32738,Petrol
779,Chevrolet,Truck,2019,70235,Petrol
780,Honda,Convertible,2019,54578,Diesel
781,Hyundai,SUV,2020,57904,Hybrid
782,Volkswagen,Van,2022,42674,Diesel
783,Kia,Truck,2022,21314,Electric
784,BMW,Convertible,2010,17755,Hybrid
785,BMW,Wagon,2010,71995,Electric
786,Kia,Van,2007,25376,Hybrid
787,Honda,SUV,2010,31650,Petrol
788,Toyota,Hybrid,2016,34851,Diesel
789,Kia,Hatchback,2019,77568,Diesel
790,Kia,Hatchback,2004,38943,Hybrid
791,Toyota,Sedan,2009,70195,Diesel
792,Mercedes,Coupe,2021,36801,Hybrid
793,Chevrolet,Electric,2013,59731,Diesel
794,Honda,Electric,2011,9644,Hybrid
795,Hyundai,Hybrid,2009,77337,Petrol
796,Honda,Hybrid,2022,73720,Electric
797,BMW,Coupe,2024,28002,Petrol
798,Volkswagen,Hybrid,2000,46284,Hybrid
799,Ford,SUV,2010,72087,Hybrid
800,Hyundai,Convertible,2017,67425,Hybrid
801,Chevrolet,Hatchback,2007,54343,Electric
802,Honda,Hatchback,2023,10116,Electric
803,Kia,Hybrid,2007,63101,Diesel
804,BMW,Sedan,2022,7396,Electric
805,Chevrolet,Truck,2011,52539,Hybrid
806,Volkswagen,Coupe,2015,18468,Electric
807,BMW,Convertible,2021,68868,Petrol
808,Toyota,Electric,2001,72989,Hybrid
809,Chevrolet,Electric,2010,33876,Petrol
810,BMW,Truck,2016,52713,Diesel
811,BMW,Hatchback,2024,52144,Petrol
812,Honda,Hatchback,2011,68549,Diesel
813,Mercedes,SUV,2006,20688,Petrol
814,Hyundai,Sedan,2014,34538,Petrol
815,Ford,Electric,2010,21230,Electric
816,Toyota,Truck,2000,78901,Diesel
817,Honda,Convertible,2019,75878,Diesel
818,Volkswagen,Electric,2002,30643,Diesel
819,Volkswagen,Electric,2002,12827,Electric
820,Toyota,Hybrid,2006,7708,Petrol
821,Nissan,Sedan,2006,45734,Electric
822,Toyota,Truck,2021,66721,Hybrid
823,Honda,Wagon,2020,16968,Diesel
824,Toyota,Hybrid,2022,19184,Electric
825,Toyota,Hatchback,2005,9453,Electric
826,Honda,SUV,2011,30577,Petrol
827,Volkswagen,Wagon,2021,62975,Electric
828,Hyundai,Van,2013,22861,Hybrid
829,BMW,Wagon,2010,24887,Electric
830,Mercedes,SUV,2011,26954,Petrol
831,Nissan,Truck,2015,56832,Petrol
832,Kia,Hatchback,2020,5146,Petrol
833,Toyota,SUV,2024,39497,Electric
834,BMW,Sedan,2012,42789,Diesel
835,Kia,Convertible,2010,15300,Petrol
836,BMW,Van,2017,24035,Electric
837,Chevrolet,Coupe,2010,18405,Electric
838,Volkswagen,Wagon,2023,7946,Hybrid
839,Nissan,Hatchback,2019,68472,Diesel
840,Chevrolet,SUV,2018,43687,Petrol
841,Toyota,Hatchback,2017,74530,Electric
842,Honda,Hatchback,2003,74834,Hybrid
843,Honda,Wagon,2007,55720,Electric
844,Chevrolet,SUV,2008,26031,Hybrid
845,Ford,Coupe,2007,34233,Diesel
846,Honda,Convertible,2005,54307,Hybrid
847,Kia,Truck,2019,45026,Petrol
848,Hyundai,Van,2014,44722,Electric
849,Nissan,Wagon,2024,46808,Diesel
850,Mercedes,Van,2001,41715,Diesel
851,Toyota,Truck,2015,62132,Hybrid
852,BMW,Convertible,2023,45766,Hybrid
853,Honda,Hatchback,2002,64004,Diesel
854,Nissan,Wagon,2000,35614,Electric
855,Hyundai,Van,2013,16042,Petrol
856,Mercedes,Coupe,2024,78389,Petrol
857,Chevrolet,Convertible,2024,52170,Electric
858,BMW,Coupe,2024,67510,Diesel
859,Nissan,SUV,2024,63116,Electric
860,Chevrolet,Hybrid,2019,56668,Diesel
861,Volkswagen,Wagon,2008,52428,Petrol
862,Ford,Sedan,2014,41280,Electric
863,Toyota,SUV,2001,22041,Hybrid
864,Toyota,Hatchback,2000,55022,Diesel
865,Hyundai,Van,2004,64223,Hybrid
866,Volkswagen,Truck,2009,53492,Hybrid
867,Chevrolet,Truck,2008,47790,Electric
868,Honda,Hatchback,2008,55565,Hybrid
869,Chevrolet,Hybrid,2018,8663,Diesel
870,BMW,Sedan,2007,74543,Hybrid
871,Mercedes,Wagon,2011,9602,Petrol
872,Honda,Sedan,2021,68285,Electric
873,Chevrolet,Wagon,2022,71363,Diesel
874,Nissan,Coupe,2016,35836,Electric
875,Hyundai,SUV,2002,29574,Electric
876,Ford,Hatchback,2010,48530,Electric
877,Chevrolet,Convertible,2022,67685,Electric
878,Kia,Coupe,2020,75194,Diesel
879,Mercedes,Coupe,2024,27533,Diesel
880,Toyota,Wagon,2024,49322,Diesel
881,Volkswagen,Electric,2017,50396,Hybrid
882,Chevrolet,Truck,2020,7653,Diesel
883,Nissan,Wagon,2002,39786,Petrol
884,Mercedes,Wagon,2022,25958,Petrol
885,Volkswagen,Hatchback,2007,25469,Hybrid
886,BMW,Sedan,2013,71553,Diesel
887,BMW,Convertible,2003,15916,Electric
888,BMW,Sedan,2007,23712,Diesel
889,Honda,Sedan,2012,10795,Diesel
890,Ford,Hatchback,2011,6426,Diesel
891,Honda,Hybrid,2006,43827,Diesel
892,Mercedes,Truck,2019,9849,Petrol
893,Toyota,Electric,2024,39149,Electric
894,Mercedes,Truck,2022,21430,Diesel
895,BMW,SUV,2019,47596,Diesel
896,Volkswagen,Hybrid,2008,39338,Hybrid
897,Chevrolet,Electric,2018,66079,Electric
898,Honda,Wagon,2019,25783,Petrol
899,Nissan,SUV,2001,43381,Diesel
900,Mercedes,Truck,2003,71031,Hybrid
901,Ford,Electric,2019,29972,Petrol
902,Kia,Hatchback,2003,21380,Hybrid
903,Honda,Convertible,2020,60617,Diesel
904,Honda,Convertible,2024,30681,Hybrid
905,Volkswagen,Hybrid,2008,39756,Hybrid
906,Ford,Van,2009,71214,Petrol
907,Mercedes,Convertible,2019,60596,Diesel
908,BMW,Sedan,2001,58515,Petrol
909,Hyundai,SUV,2010,18304,Petrol
910,Honda,Convertible,2002,65129,Petrol
911,Ford,SUV,2003,71326,Petrol
912,Honda,Van,2012,9714,Petrol
913,Chevrolet,Van,2023,78417,Electric
914,BMW,Coupe,2016,41255,Diesel
915,Ford,SUV,2011,36452,Hybrid
916,Kia,Wagon,2017,27064,Diesel
917,Chevrolet,Van,2003,33587,Petrol
918,Kia,Hybrid,2024,26775,Electric
919,Ford,Van,2013,47455,Petrol
920,Kia,Wagon,2016,76702,Electric
921,Mercedes,SUV,2014,31582,Electric
922,BMW,Convertible,2004,77372,Hybrid
923,Mercedes,Electric,2015,14130,Hybrid
924,BMW,Hybrid,2020,22685,Hybrid
925,Ford,Sedan,2009,65804,Diesel
926,Volkswagen,Van,2018,7246,Petrol
927,Chevrolet,Van,2021,36747,Petrol
928,Chevrolet,Coupe,2022,50919,Hybrid
929,Honda,Wagon,2001,17530,Petrol
930,Ford,Hatchback,2004,9210,Hybrid
931,BMW,Hatchback,2016,52434,Petrol
932,Honda,Coupe,2006,27966,Electric
933,BMW,Hybrid,2018,57266,Petrol
934,BMW,Electric,2004,70651,Petrol
935,Mercedes,Hybrid,2006,73788,Electric
936,Mercedes,SUV,2017,33987,Hybrid
937,Nissan,Wagon,2001,30019,Diesel
938,Volkswagen,Hatchback,2012,47236,Electric
939,Kia,Sedan,2021,37089,Diesel
940,Ford,Van,2010,56841,Hybrid
941,Nissan,Electric,2016,22984,Hybrid
942,BMW,Truck,2024,47375,Petrol
943,Mercedes,Hybrid,2003,28611,Diesel
944,Toyota,Wagon,2009,6855,Hybrid
945,Hyundai,Wagon,2020,15943,Electric
946,Volkswagen,Electric,2008,20779,Petrol
947,Mercedes,Van,2017,22311,Hybrid
948,Mercedes,Convertible,2007,44800,Electric
949,Mercedes,Coupe,2015,59387,Petrol
950,Hyundai,Convertible,2000,79803,Diesel
951,Honda,Van,2006,57239,Hybrid
952,Nissan,Electric,2012,7643,Diesel
953,Mercedes,Hatchback,2023,34798,Electric
954,Mercedes,Wagon,2012,45344,Hybrid
955,Toyota,Wagon,2000,57382,Electric
956,Ford,Electric,2012,30695,Electric
957,Ford,Hatchback,2017,57759,Electric
958,Toyota,Coupe,2024,27343,Electric
959,Hyundai,SUV,2020,45620,Hybrid
960,Mercedes,Van,2005,66534,Petrol
961,Toyota,SUV,2001,56909,Electric
962,BMW,Electric,2015,23032,Hybrid
963,Nissan,Hybrid,2012,16210,Hybrid
964,Mercedes,Hatchback,2003,14111,Electric
965,Honda,Electric,2013,41810,Electric
966,Hyundai,Coupe,2004,57946,Electric
967,BMW,Hatchback,2013,50387,Diesel
968,Kia,Wagon,2016,61964,Petrol
969,Volkswagen,Hybrid,2018,40098,Diesel
970,Honda,Convertible,2001,45830,Electric
971,Volkswagen,Hybrid,2002,73895,Diesel
972,Nissan,Electric,2022,7496,Electric
973,Honda,Truck,2017,43389,Hybrid
974,Volkswagen,Sedan,2008,45007,Petrol
975,Chevrolet,Van,2005,25849,Hybrid
976,Honda,Hatchback,2012,50772,Diesel
977,Toyota,Hybrid,2013,24485,Hybrid
978,Nissan,Coupe,2001,24857,Hybrid
979,Mercedes,Truck,2017,41798,Electric
980,Honda,Convertible,2023,56049,Electric
981,BMW,Wagon,2023,34148,Petrol
982,Chevrolet,Truck,2019,65637,Diesel
983,Volkswagen,Hybrid,2018,72453,Hybrid
984,Volkswagen,Wagon,2013,72931,Electric
985,BMW,Convertible,2023,50110,Electric
986,Hyundai,Coupe,2017,28788,Diesel
987,Ford,Hybrid,2004,61305,Electric
988,Honda,Hybrid,2006,31580,Diesel
989,Chevrolet,Sedan,2015,59859,Electric
990,Chevrolet,Truck,2005,19917,Petrol
991,Nissan,Convertible,2011,68527,Hybrid
992,Nissan,Electric,2010,29639,Diesel
993,BMW,Sedan,2008,25837,Hybrid
994,Kia,Coupe,2016,73331,Hybrid
995,Honda,Van,2005,14844,Hybrid
996,Chevrolet,SUV,2009,62771,Diesel
997,Mercedes,Van,2004,52365,Diesel
998,Mercedes,Convertible,2019,46137,Petrol
999,Mercedes,Hatchback,2020,33263,Diesel
1000,Nissan,Coupe,2001,7347,Hybrid
